"id";"lugar";"direccion";"latitud_WGS84";"longitud_WGS84";"tipo";"capitulos";"metodo_precision";"nota";"fuente_escena";"fuente_coordenadas";"fecha_verificacion"
"tower";"Torre Martello";"Sandycove Point";"53.288656";"-6.113632";"Edificio catalogado · registro municipal";"1";"Centroide de la huella de la torre en el registro oficial del DLR County Council, RPS 1027, convertido a WGS84 por el servicio. No sitúa a los personajes en el interior.";"La torre donde comienza la novela; hoy James Joyce Tower and Museum.";"https://riverrun.org.uk/JJD2.pdf";"https://services.arcgis.com/41mg5wcsG0sphp5W/arcgis/rest/services/ProtectedStructures_CDP2228_dlrcoco/FeatureServer/16/query?where=RPSNumber%3D%271027%27&outFields=*&outSR=4326&f=pjson";"2026-10-07"
"forty";"Forty Foot";"Sandycove";"53.28875";"-6.1131";"Zona narrativa · centro orientativo";"1";"Posición trasladada del mapa histórico a la geografía actual. No es una medición del edificio ni de los movimientos de los personajes. La coordenada es orientativa.";"Zona del baño de Mulligan. El punto señala el acceso a la costa, sin localizar al nadador.";"https://riverrun.org.uk/JJD2.pdf";"https://riverrun.org.uk/JJD2.pdf";"2026-10-07"
"school";"La escuela de Deasy";"Summerfield, 63 Dalkey Avenue";"53.276074";"-6.108585";"Localización incierta";"2";"Centroide de la huella de Summerfield House en el registro oficial del DLR County Council, convertido a WGS84 por el servicio. James Joyce Online Notes documenta el vínculo con el modelo de Deasy; la novela no menciona Summerfield.";"Modelo histórico: Clifton School en Summerfield. El punto es el centro del edificio protegido RPS 1909. Identificarlo como la escuela de la novela sigue siendo una inferencia; la ubicación de Summerfield Lodge dentro del conjunto es incierta.";"https://riverrun.org.uk/JJD2.pdf";"https://services.arcgis.com/41mg5wcsG0sphp5W/arcgis/rest/services/ProtectedStructures_CDP2228_dlrcoco/FeatureServer/16/1807";"2026-10-07"
"leahy";"Los escalones de Leahy’s Terrace";"Acceso histórico a la playa";"53.33647";"-6.21777";"Dirección histórica localizada";"3, 13";"Posición trasladada del mapa histórico a la geografía actual. No es una medición del edificio ni de los movimientos de los personajes. La coordenada es orientativa.";"El acceso a la costa de 1904 es anterior a los terrenos ganados al mar y a la carretera costera actual.";"https://riverrun.org.uk/JJD2.pdf";"https://riverrun.org.uk/JJD2.pdf";"2026-10-07"
"strand";"La orilla de Proteo";"Sandymount, hacia Pigeon House";"53.34";"-6.21";"Zona narrativa · centro orientativo";"3";"Posición trasladada del mapa histórico a la geografía actual. No es una medición del edificio ni de los movimientos de los personajes. La coordenada es orientativa.";"Stephen camina por la orilla norte hacia el nordeste. Los terrenos ganados al mar han cambiado la costa; el punto marca el centro de una zona.";"https://riverrun.org.uk/JJD2.pdf";"https://riverrun.org.uk/JJD2.pdf";"2026-10-07"
"boulders";"El espigón de rocas";"Costa histórica cerca de Pigeon House";"53.342";"-6.207";"Zona narrativa · centro orientativo";"3";"Posición trasladada del mapa histórico a la geografía actual. No es una medición del edificio ni de los movimientos de los personajes. La coordenada es orientativa.";"Tramo histórico donde Stephen se detiene. Su roca no puede identificarse en las imágenes actuales.";"https://riverrun.org.uk/JJD2.pdf";"https://riverrun.org.uk/JJD2.pdf";"2026-10-07"
"nausicaa";"La orilla de Nausícaa";"Sandymount cerca de Leahy’s Terrace";"53.336";"-6.214";"Zona narrativa · centro orientativo";"13";"Posición trasladada del mapa histórico a la geografía actual. No es una medición del edificio ni de los movimientos de los personajes. La coordenada es orientativa.";"Zona de la escena nocturna de Gerty y Bloom, distinta del paseo de Stephen. No se ha identificado el asiento de roca.";"https://riverrun.org.uk/JJD2.pdf";"https://riverrun.org.uk/JJD2.pdf";"2026-10-07"
"star";"Star of the Sea";"Leahy’s Terrace / Sandymount Road";"53.33597";"-6.21957";"Dirección histórica localizada";"13";"Posición trasladada del mapa histórico a la geografía actual. No es una medición del edificio ni de los movimientos de los personajes. La coordenada es orientativa.";"Las voces y los sonidos introducen el oficio religioso en la escena. La fuente fotográfica sitúa la iglesia sin declarar precisión catastral.";"https://riverrun.org.uk/JJD2.pdf";"https://commons.wikimedia.org/wiki/Category:St._Mary%27s_Church,_Star_of_the_Sea,_Sandymount_Road,_Dublin";"2026-10-07"
"eccles";"7 Eccles Street";"Solar de la casa de los Bloom";"53.357833";"-6.264533";"Dirección histórica localizada";"4, 10, 17, 18";"Posición trasladada del mapa histórico a la geografía actual. No es una medición del edificio ni de los movimientos de los personajes. La coordenada es orientativa.";"La casa fue demolida. El punto señala la placa actual en el solar histórico, no el centro de la casa desaparecida. Su puerta se conserva en el James Joyce Centre.";"https://riverrun.org.uk/JJD2.pdf";"https://www.hmdb.org/m.asp?m=269822";"2026-10-07"
"orourke";"El pub de Larry O’Rourke";"72–73 Upper Dorset Street";"53.357422";"-6.264128";"Dirección histórica localizada";"4";"La dirección de 1904 se vincula al edificio o solar catalogado hoy con el mismo número. No se reconstruyen los interiores ni los negocios históricos.";"El pub está en la esquina por la que gira Bloom para comprar el riñón.";"https://riverrun.org.uk/JJD2.pdf";"https://www.buildingsofireland.ie/niah/search.jsp?type=record&county=DU&regno=50010705";"2026-10-07"
"josephschool";"St Joseph’s National School";"81–84 Upper Dorset Street";"53.356823";"-6.264847";"Dirección histórica localizada";"4";"La dirección de 1904 se vincula al edificio o solar catalogado hoy con el mismo número. No se reconstruyen los interiores ni los negocios históricos.";"Bloom pasa ante la escuela. El inventario identifica el edificio, hoy destinado a otro uso.";"https://riverrun.org.uk/JJD2.pdf";"https://www.buildingsofireland.ie/niah/search.jsp?type=record&county=DU&regno=50010699";"2026-10-07"
"dlugacz";"La carnicería de Dlugacz";"Upper Dorset Street";"53.35655";"-6.265";"Localización incierta";"4";"Posición trasladada del mapa histórico a la geografía actual. No es una medición del edificio ni de los movimientos de los personajes. La coordenada es orientativa.";"Joyce inventó esta tienda sin número de calle. La referencia indica el lado de la calle reconstruido por Gunn y Hart, no un negocio identificado.";"https://riverrun.org.uk/JJD2.pdf";"https://riverrun.org.uk/JJD2.pdf";"2026-10-07"
"george";"St George’s Church";"Hardwicke Place";"53.35734";"-6.26276";"Edificio o monumento catalogado";"4, 17";"Coordenadas WGS84 del punto catalogado por el NIAH. Identifican el edificio o monumento, sin certificar la entrada ni la posición del personaje.";"Las campanas marcan el comienzo del día y el final del regreso.";"https://riverrun.org.uk/JJD2.pdf";"https://www.buildingsofireland.ie/niah/search.jsp?type=record&county=DU&regno=50010878";"2026-10-07"
"quay";"Sir John Rogerson’s Quay";"Cerca de Lime Street";"53.34685";"-6.2409";"Tramo de calle · punto de referencia";"5";"Posición trasladada del mapa histórico a la geografía actual. No es una medición del edificio ni de los movimientos de los personajes. La coordenada es orientativa.";"Bloom recorre el muelle hacia el este. El punto sirve de referencia para el tramo inicial.";"https://riverrun.org.uk/JJD2.pdf";"https://riverrun.org.uk/JJD2.pdf";"2026-10-07"
"lime";"Lime Street";"Del muelle a Hanover Street";"53.3455";"-6.2406";"Tramo de calle · punto de referencia";"5";"Posición trasladada del mapa histórico a la geografía actual. No es una medición del edificio ni de los movimientos de los personajes. La coordenada es orientativa.";"Bloom deja los muelles y se dirige hacia el sur.";"https://riverrun.org.uk/JJD2.pdf";"https://riverrun.org.uk/JJD2.pdf";"2026-10-07"
"hanover";"Hanover Street East";"Hacia Lombard Street East";"53.34485";"-6.2425";"Tramo de calle · punto de referencia";"5";"Posición trasladada del mapa histórico a la geografía actual. No es una medición del edificio ni de los movimientos de los personajes. La coordenada es orientativa.";"Tramo del desvío hacia el oeste.";"https://riverrun.org.uk/JJD2.pdf";"https://riverrun.org.uk/JJD2.pdf";"2026-10-07"
"lombard";"Lombard Street East";"Cruce con Townsend Street";"53.3452";"-6.247";"Tramo de calle · punto de referencia";"5";"Posición trasladada del mapa histórico a la geografía actual. No es una medición del edificio ni de los movimientos de los personajes. La coordenada es orientativa.";"Bloom cruza al lado oeste antes de bajar hacia Westland Row.";"https://riverrun.org.uk/JJD2.pdf";"https://riverrun.org.uk/JJD2.pdf";"2026-10-07"
"post";"Oficina de correos de Westland Row";"49–50 Westland Row, en 1904";"53.34355";"-6.24967";"Dirección histórica localizada";"5";"Posición trasladada del mapa histórico a la geografía actual. No es una medición del edificio ni de los movimientos de los personajes. La coordenada es orientativa.";"Bloom recoge aquí la carta dirigida a Henry Flower. Ubicación histórica al norte de St Andrew’s, cerca de Pearse Street; el edificio de 1904 requiere más georreferenciación catastral. No es el GPO de O’Connell Street.";"https://riverrun.org.uk/JJD2.pdf";"https://riverrun.org.uk/JJD2.pdf";"2026-10-07"
"pearse";"Great Brunswick Street";"Hoy Pearse Street, cerca de Westland Row";"53.3438";"-6.2495";"Tramo de calle · punto de referencia";"5";"Posición trasladada del mapa histórico a la geografía actual. No es una medición del edificio ni de los movimientos de los personajes. La coordenada es orientativa.";"Bloom vuelve hacia Great Brunswick Street y rodea la iglesia.";"https://riverrun.org.uk/JJD2.pdf";"https://riverrun.org.uk/JJD2.pdf";"2026-10-07"
"cumberland";"Cumberland Street South";"Entrada posterior de la iglesia";"53.3431";"-6.2478";"Tramo de calle · punto de referencia";"5";"Posición trasladada del mapa histórico a la geografía actual. No es una medición del edificio ni de los movimientos de los personajes. La coordenada es orientativa.";"Tramo del desvío antes del oficio religioso.";"https://riverrun.org.uk/JJD2.pdf";"https://riverrun.org.uk/JJD2.pdf";"2026-10-07"
"andrew";"All Hallows / St Andrew’s";"47–48 Westland Row";"53.343099";"-6.249051";"Edificio o monumento catalogado";"5";"Coordenadas WGS84 del punto catalogado por el NIAH. Identifican el edificio o monumento, sin certificar la entrada ni la posición del personaje.";"La iglesia de la novela es St Andrew’s, llamada All Hallows por Joyce. Bloom entra por detrás.";"https://riverrun.org.uk/JJD2.pdf";"https://www.buildingsofireland.ie/niah/search.jsp?type=record&county=DU&regno=50930336";"2026-10-07"
"sweny";"Sweny’s Pharmacy";"1 Lincoln Place";"53.341865";"-6.250559";"Edificio o monumento catalogado";"5";"Coordenadas WGS84 del punto catalogado por el NIAH. Identifican el edificio o monumento, sin certificar la entrada ni la posición del personaje.";"El edificio de la antigua farmacia está catalogado por el NIAH. Bloom compra aquí el jabón de limón.";"https://riverrun.org.uk/JJD2.pdf";"https://www.buildingsofireland.ie/niah/search.jsp?type=record&county=DU&regno=50020449";"2026-10-07"
"conway";"El pub de Conway";"31–32 Westland Row";"53.342173";"-6.250764";"Dirección histórica localizada";"5";"La dirección de 1904 se vincula al edificio o solar catalogado hoy con el mismo número. No se reconstruyen los interiores ni los negocios históricos.";"Dirección histórica hoy ocupada por Kennedy’s. Bantam Lyons vuelve hacia este pub.";"https://riverrun.org.uk/JJD2.pdf";"https://www.buildingsofireland.ie/niah/search.jsp?type=record&county=DU&regno=50020447";"2026-10-07"
"baths";"Turkish and Warm Baths";"11 Leinster Street, en 1904";"53.34165";"-6.2534";"Dirección histórica localizada";"5";"Posición trasladada del mapa histórico a la geografía actual. No es una medición del edificio ni de los movimientos de los personajes. La coordenada es orientativa.";"Destino mencionado retrospectivamente en Ítaca. Los lotófagos termina antes de la llegada; Gunn y Hart consideran la alternativa de los baños de Lincoln Place. Solar orientativo.";"https://riverrun.org.uk/JJD2.pdf";"https://riverrun.org.uk/JJD2.pdf";"2026-10-07"
"dignam";"La casa de Paddy Dignam";"9 Newbridge Avenue";"53.335502";"-6.223457";"Dirección histórica localizada";"6";"Posición trasladada del mapa histórico a la geografía actual. No es una medición del edificio ni de los movimientos de los personajes. La coordenada es orientativa.";"La dirección es explícita en la novela. El punto procede de una visita publicada al lugar, no de un levantamiento catastral. Las versiones anteriores indicaban el número 10, en el lado opuesto.";"https://riverrun.org.uk/JJD2.pdf";"https://www.tedz.eu/view.php?mdfile=20250609_041622.md";"2026-10-07"
"triton";"Tritonville Road";"Cortejo fúnebre hacia Irishtown";"53.337";"-6.2218";"Tramo de calle · punto de referencia";"6";"Posición trasladada del mapa histórico a la geografía actual. No es una medición del edificio ni de los movimientos de los personajes. La coordenada es orientativa.";"Posición trasladada del mapa histórico a la geografía actual. No es una medición del edificio ni de los movimientos de los personajes. La coordenada es orientativa.";"https://riverrun.org.uk/JJD2.pdf";"https://riverrun.org.uk/JJD2.pdf";"2026-10-07"
"london";"Londonbridge Road";"Hacia el Dodder";"53.3376";"-6.226";"Tramo de calle · punto de referencia";"6";"Posición trasladada del mapa histórico a la geografía actual. No es una medición del edificio ni de los movimientos de los personajes. La coordenada es orientativa.";"Posición trasladada del mapa histórico a la geografía actual. No es una medición del edificio ni de los movimientos de los personajes. La coordenada es orientativa.";"https://riverrun.org.uk/JJD2.pdf";"https://riverrun.org.uk/JJD2.pdf";"2026-10-07"
"irishtown";"Irishtown Road";"Cerca de Watery Lane";"53.34";"-6.2254";"Tramo de calle · punto de referencia";"6";"Posición trasladada del mapa histórico a la geografía actual. No es una medición del edificio ni de los movimientos de los personajes. La coordenada es orientativa.";"Bloom ve a Stephen en Irishtown cerca de la antigua Watery Lane.";"https://riverrun.org.uk/JJD2.pdf";"https://riverrun.org.uk/JJD2.pdf";"2026-10-07"
"ringsend";"Ringsend Bridge";"Cruce del Dodder";"53.3419";"-6.227";"Tramo de calle · punto de referencia";"6";"Posición trasladada del mapa histórico a la geografía actual. No es una medición del edificio ni de los movimientos de los personajes. La coordenada es orientativa.";"Posición trasladada del mapa histórico a la geografía actual. No es una medición del edificio ni de los movimientos de los personajes. La coordenada es orientativa.";"https://riverrun.org.uk/JJD2.pdf";"https://riverrun.org.uk/JJD2.pdf";"2026-10-07"
"canaldock";"Grand Canal Docks";"Puente de Ringsend Road";"53.342";"-6.2353";"Tramo de calle · punto de referencia";"6";"Posición trasladada del mapa histórico a la geografía actual. No es una medición del edificio ni de los movimientos de los personajes. La coordenada es orientativa.";"El cortejo se detiene en el puente sobre la dársena, que en 1904 podía abrirse para los barcos.";"https://riverrun.org.uk/JJD2.pdf";"https://riverrun.org.uk/JJD2.pdf";"2026-10-07"
"greatbrunswick";"Great Brunswick Street";"Hoy Pearse Street";"53.344";"-6.243";"Tramo de calle · punto de referencia";"6";"Posición trasladada del mapa histórico a la geografía actual. No es una medición del edificio ni de los movimientos de los personajes. La coordenada es orientativa.";"Posición trasladada del mapa histórico a la geografía actual. No es una medición del edificio ni de los movimientos de los personajes. La coordenada es orientativa.";"https://riverrun.org.uk/JJD2.pdf";"https://riverrun.org.uk/JJD2.pdf";"2026-10-07"
"dolier";"D’Olier Street";"Hacia O’Connell Bridge";"53.346528";"-6.257917";"Tramo de calle · punto de referencia";"6";"El punto NIAH de un edificio de la calle sirve de referencia cartográfica al tramo recorrido. No es una parada del personaje.";"Un edificio catalogado señala el tramo recorrido por el carruaje.";"https://riverrun.org.uk/JJD2.pdf";"https://www.buildingsofireland.ie/niah/search.jsp?type=record&county=DU&regno=50020282";"2026-10-07"
"ocbridge";"O’Connell Bridge";"El puente sobre el Liffey";"53.347275";"-6.2591";"Edificio o monumento catalogado";"6, 8";"Coordenadas WGS84 del punto catalogado por el NIAH. Identifican el edificio o monumento, sin certificar la entrada ni la posición del personaje.";"El cortejo cruza el Liffey. En Los lestrigones, Bloom observa el río desde el puente.";"https://riverrun.org.uk/JJD2.pdf";"https://www.buildingsofireland.ie/niah/search.jsp?type=record&county=DU&regno=50060552";"2026-10-07"
"pillar";"Nelson’s Pillar";"Solar histórico, hoy The Spire";"53.34981";"-6.26025";"Dirección histórica localizada";"6";"Posición trasladada del mapa histórico a la geografía actual. No es una medición del edificio ni de los movimientos de los personajes. La coordenada es orientativa.";"La columna fue destruida en 1966. La referencia marca el solar del monumento.";"https://riverrun.org.uk/JJD2.pdf";"https://riverrun.org.uk/JJD2.pdf";"2026-10-07"
"rotunda";"La Rotunda";"Rutland Square, hoy Parnell Square";"53.352111";"-6.262892";"Edificio o monumento catalogado";"6";"Coordenadas WGS84 del punto catalogado por el NIAH. Identifican el edificio o monumento, sin certificar la entrada ni la posición del personaje.";"El carruaje continúa hacia el norte junto a la Rotunda.";"https://riverrun.org.uk/JJD2.pdf";"https://www.buildingsofireland.ie/niah/search.jsp?type=record&county=DU&regno=50010621";"2026-10-07"
"frederick";"Frederick Street North";"Hacia Blessington Street";"53.3548";"-6.2646";"Tramo de calle · punto de referencia";"6";"Posición trasladada del mapa histórico a la geografía actual. No es una medición del edificio ni de los movimientos de los personajes. La coordenada es orientativa.";"Posición trasladada del mapa histórico a la geografía actual. No es una medición del edificio ni de los movimientos de los personajes. La coordenada es orientativa.";"https://riverrun.org.uk/JJD2.pdf";"https://riverrun.org.uk/JJD2.pdf";"2026-10-07"
"blessington";"Blessington Street";"Tramo oriental";"53.356599";"-6.266753";"Tramo de calle · punto de referencia";"6";"El punto NIAH de un edificio de la calle sirve de referencia cartográfica al tramo recorrido. No es una parada del personaje.";"El punto NIAH de un edificio de la calle sirve de referencia cartográfica al tramo recorrido. No es una parada del personaje.";"https://riverrun.org.uk/JJD2.pdf";"https://www.buildingsofireland.ie/niah/search.jsp?type=record&county=DU&regno=50070432";"2026-10-07"
"berkeley";"Berkeley Road";"El cortejo gira hacia el norte";"53.359157";"-6.270054";"Tramo de calle · punto de referencia";"6";"El punto NIAH de un edificio de la calle sirve de referencia cartográfica al tramo recorrido. No es una parada del personaje.";"El punto NIAH de un edificio de la calle sirve de referencia cartográfica al tramo recorrido. No es una parada del personaje.";"https://riverrun.org.uk/JJD2.pdf";"https://www.buildingsofireland.ie/niah/search.jsp?type=record&county=DU&regno=50060272";"2026-10-07"
"circular";"North Circular Road";"Hacia Phibsborough";"53.360816";"-6.270847";"Tramo de calle · punto de referencia";"6";"El punto NIAH de un edificio de la calle sirve de referencia cartográfica al tramo recorrido. No es una parada del personaje.";"El punto NIAH de un edificio de la calle sirve de referencia cartográfica al tramo recorrido. No es una parada del personaje.";"https://riverrun.org.uk/JJD2.pdf";"https://www.buildingsofireland.ie/niah/search.jsp?type=record&county=DU&regno=50060232";"2026-10-07"
"crossguns";"Cross Guns Bridge";"Royal Canal / Phibsborough Road";"53.364342";"-6.271796";"Edificio o monumento catalogado";"6";"Coordenadas WGS84 del punto catalogado por el NIAH. Identifican el edificio o monumento, sin certificar la entrada ni la posición del personaje.";"Segundo canal que cruza el cortejo, antes de Prospect Avenue.";"https://riverrun.org.uk/JJD2.pdf";"https://www.buildingsofireland.ie/niah/search.jsp?type=record&county=DU&regno=50060185";"2026-10-07"
"prospect";"Prospect Avenue";"Hacia Finglas Road";"53.3667";"-6.274";"Tramo de calle · punto de referencia";"6";"Posición trasladada del mapa histórico a la geografía actual. No es una medición del edificio ni de los movimientos de los personajes. La coordenada es orientativa.";"Posición trasladada del mapa histórico a la geografía actual. No es una medición del edificio ni de los movimientos de los personajes. La coordenada es orientativa.";"https://riverrun.org.uk/JJD2.pdf";"https://riverrun.org.uk/JJD2.pdf";"2026-10-07"
"cemetery";"Entrada de Glasnevin";"Finglas Road / Prospect Cemetery";"53.369787";"-6.277609";"Edificio o monumento catalogado";"6";"Coordenadas WGS84 del punto catalogado por el NIAH. Identifican el edificio o monumento, sin certificar la entrada ni la posición del personaje.";"El punto catalogado señala la entrada al recinto del cementerio.";"https://riverrun.org.uk/JJD2.pdf";"https://www.buildingsofireland.ie/niah/search.jsp?type=record&county=DU&regno=50130070";"2026-10-07"
"chapel";"Capilla mortuoria";"Glasnevin Cemetery";"53.370364";"-6.277868";"Edificio o monumento catalogado";"6";"Coordenadas WGS84 del punto catalogado por el NIAH. Identifican el edificio o monumento, sin certificar la entrada ni la posición del personaje.";"Etapa de la ceremonia. La tumba ficticia de Dignam no tiene un punto verificable.";"https://riverrun.org.uk/JJD2.pdf";"https://www.buildingsofireland.ie/niah/search.jsp?type=record&county=DU&regno=50130075";"2026-10-07"
"crypt";"Monumento de O’Connell";"Glasnevin Cemetery";"53.370181";"-6.277139";"Edificio o monumento catalogado";"6";"Coordenadas WGS84 del punto catalogado por el NIAH. Identifican el edificio o monumento, sin certificar la entrada ni la posición del personaje.";"Referencia dentro del cementerio, distinta del monumento de O’Connell Street.";"https://riverrun.org.uk/JJD2.pdf";"https://www.buildingsofireland.ie/niah/search.jsp?type=record&county=DU&regno=50130079";"2026-10-07"
"parnell";"Monumento de Parnell";"Glasnevin Cemetery";"53.37085";"-6.278708";"Edificio o monumento catalogado";"6";"Coordenadas WGS84 del punto catalogado por el NIAH. Identifican el edificio o monumento, sin certificar la entrada ni la posición del personaje.";"Hynes y Power se dirigen hacia la tumba de Parnell.";"https://riverrun.org.uk/JJD2.pdf";"https://www.buildingsofireland.ie/niah/search.jsp?type=record&county=DU&regno=50130074";"2026-10-07"
"gpo";"General Post Office";"O’Connell Street";"53.349421";"-6.260307";"Edificio o monumento catalogado";"7";"Coordenadas WGS84 del punto catalogado por el NIAH. Identifican el edificio o monumento, sin certificar la entrada ni la posición del personaje.";"El GPO aparece en Eolo, en el contexto de las redacciones y del centro urbano.";"https://riverrun.org.uk/JJD2.pdf";"https://www.buildingsofireland.ie/niah/search.jsp?type=record&county=DU&regno=50010527";"2026-10-07"
"newspaper";"Freeman’s Journal / Evening Telegraph";"4–8 Prince’s Street, en 1904";"53.349";"-6.2605";"Dirección histórica localizada";"7";"Posición trasladada del mapa histórico a la geografía actual. No es una medición del edificio ni de los movimientos de los personajes. La coordenada es orientativa.";"Solar de las redacciones en el lado sur de la calle. Las destrucciones de 1916 y la reconstrucción transformaron esta manzana.";"https://riverrun.org.uk/JJD2.pdf";"https://riverrun.org.uk/JJD2.pdf";"2026-10-07"
"dillon";"Dillon’s auctionrooms";"25 Bachelor’s Walk";"53.347301";"-6.260726";"Dirección histórica localizada";"7, 10";"La dirección de 1904 se vincula al edificio o solar catalogado hoy con el mismo número. No se reconstruyen los interiores ni los negocios históricos.";"Dirección de las salas de subastas, hoy solar del Arlington Hotel. La continuidad del número no certifica el edificio de 1904.";"https://riverrun.org.uk/JJD2.pdf";"https://www.buildingsofireland.ie/niah/search.jsp?type=record&county=DU&regno=50010328";"2026-10-07"
"mooney";"Mooney’s «en ville»";"1 Lower Abbey Street";"53.34856";"-6.2592";"Dirección histórica localizada";"7";"Posición trasladada del mapa histórico a la geografía actual. No es una medición del edificio ni de los movimientos de los personajes. La coordenada es orientativa.";"Destino del grupo al final de Eolo; zona de la dirección histórica.";"https://riverrun.org.uk/JJD2.pdf";"https://riverrun.org.uk/JJD2.pdf";"2026-10-07"
"oconnell";"Graham Lemon’s";"49 Lower Sackville Street";"53.347979";"-6.259889";"Dirección histórica localizada";"8";"La dirección de 1904 se vincula al edificio o solar catalogado hoy con el mismo número. No se reconstruyen los interiores ni los negocios históricos.";"El paseo de Bloom comienza junto a la confitería, en la actual O’Connell Street.";"https://riverrun.org.uk/JJD2.pdf";"https://www.buildingsofireland.ie/niah/search.jsp?type=record&county=DU&regno=50010506";"2026-10-07"
"ballast";"Ballast Office";"Westmoreland Street, cerca del puente";"53.34695";"-6.2591";"Dirección histórica localizada";"8";"Posición trasladada del mapa histórico a la geografía actual. No es una medición del edificio ni de los movimientos de los personajes. La coordenada es orientativa.";"Bloom mira la señal horaria. El edificio histórico ha desaparecido; el punto marca su solar.";"https://riverrun.org.uk/JJD2.pdf";"https://riverrun.org.uk/JJD2.pdf";"2026-10-07"
"moore";"Estatua de Thomas Moore";"College Street";"53.345192";"-6.258914";"Edificio o monumento catalogado";"8";"Coordenadas WGS84 del punto catalogado por el NIAH. Identifican el edificio o monumento, sin certificar la entrada ni la posición del personaje.";"Referencia del paseo por el centro.";"https://riverrun.org.uk/JJD2.pdf";"https://www.buildingsofireland.ie/niah/search.jsp?type=record&county=DU&regno=50020371";"2026-10-07"
"trinitygate";"Entrada de Trinity College";"College Green";"53.344457";"-6.258953";"Edificio o monumento catalogado";"10";"Coordenadas WGS84 del punto catalogado por el NIAH. Identifican el edificio o monumento, sin certificar la entrada ni la posición del personaje.";"Stephen se encuentra aquí con el profesor de canto Almidano Artifoni.";"https://riverrun.org.uk/JJD2.pdf";"https://www.buildingsofireland.ie/niah/search.jsp?type=record&county=DU&regno=50020376";"2026-10-07"
"provost";"Provost’s House";"1 Grafton Street";"53.343594";"-6.258711";"Edificio o monumento catalogado";"8";"Coordenadas WGS84 del punto catalogado por el NIAH. Identifican el edificio o monumento, sin certificar la entrada ni la posición del personaje.";"Bloom se encuentra con A. E. cerca de la casa del provost.";"https://riverrun.org.uk/JJD2.pdf";"https://www.buildingsofireland.ie/niah/search.jsp?type=record&county=DU&regno=50020381";"2026-10-07"
"adam";"Adam Court";"Calle lateral de Grafton Street";"53.34291";"-6.2589";"Tramo de calle · punto de referencia";"8";"Posición trasladada del mapa histórico a la geografía actual. No es una medición del edificio ni de los movimientos de los personajes. La coordenada es orientativa.";"Bloom ve la entrada del patio y recuerda locales del centro.";"https://riverrun.org.uk/JJD2.pdf";"https://riverrun.org.uk/JJD2.pdf";"2026-10-07"
"burton";"Burton Restaurant";"18 Duke Street";"53.341803";"-6.258972";"Dirección histórica localizada";"8";"La dirección de 1904 se vincula al edificio o solar catalogado hoy con el mismo número. No se reconstruyen los interiores ni los negocios históricos.";"Bloom entra y sale, disgustado por las costumbres de los clientes.";"https://riverrun.org.uk/JJD2.pdf";"https://www.buildingsofireland.ie/niah/search.jsp?type=record&county=DU&regno=50100042";"2026-10-07"
"davy";"Davy Byrne’s";"21 Duke Street";"53.341853";"-6.259337";"Edificio o monumento catalogado";"8";"Coordenadas WGS84 del punto catalogado por el NIAH. Identifican el edificio o monumento, sin certificar la entrada ni la posición del personaje.";"El pub del almuerzo de Bloom: gorgonzola y borgoña.";"https://riverrun.org.uk/JJD2.pdf";"https://www.buildingsofireland.ie/niah/search.jsp?type=record&county=DU&regno=50100039";"2026-10-07"
"dawson";"Dawson Street";"Después del almuerzo";"53.341701";"-6.25834";"Tramo de calle · punto de referencia";"8";"El punto NIAH de un edificio de la calle sirve de referencia cartográfica al tramo recorrido. No es una parada del personaje.";"El punto NIAH de un edificio de la calle sirve de referencia cartográfica al tramo recorrido. No es una parada del personaje.";"https://riverrun.org.uk/JJD2.pdf";"https://www.buildingsofireland.ie/niah/search.jsp?type=record&county=DU&regno=50100048";"2026-10-07"
"molesworth";"Molesworth Street";"Hacia Kildare Street";"53.341112";"-6.256129";"Tramo de calle · punto de referencia";"8";"El punto NIAH de un edificio de la calle sirve de referencia cartográfica al tramo recorrido. No es una parada del personaje.";"El punto NIAH de un edificio de la calle sirve de referencia cartográfica al tramo recorrido. No es una parada del personaje.";"https://riverrun.org.uk/JJD2.pdf";"https://www.buildingsofireland.ie/niah/search.jsp?type=record&county=DU&regno=50100106";"2026-10-07"
"freemasons";"Freemasons’ Hall";"17–18 Molesworth Street";"53.341087";"-6.255961";"Edificio o monumento catalogado";"8";"Coordenadas WGS84 del punto catalogado por el NIAH. Identifican el edificio o monumento, sin certificar la entrada ni la posición del personaje.";"Bloom pasa cerca de la sede masónica.";"https://riverrun.org.uk/JJD2.pdf";"https://www.buildingsofireland.ie/niah/search.jsp?type=record&county=DU&regno=50100107";"2026-10-07"
"library";"National Library of Ireland";"Kildare Street";"53.341045";"-6.254515";"Edificio o monumento catalogado";"8, 9";"Coordenadas WGS84 del punto catalogado por el NIAH. Identifican el edificio o monumento, sin certificar la entrada ni la posición del personaje.";"Biblioteca de la discusión sobre Shakespeare. El punto marca el edificio, no la sala del diálogo.";"https://riverrun.org.uk/JJD2.pdf";"https://www.buildingsofireland.ie/niah/search.jsp?type=record&county=DU&regno=50100219";"2026-10-07"
"museum";"National Museum of Ireland";"Kildare Street";"53.340367";"-6.254868";"Edificio o monumento catalogado";"8";"Coordenadas WGS84 del punto catalogado por el NIAH. Identifican el edificio o monumento, sin certificar la entrada ni la posición del personaje.";"Bloom se desvía hacia el museo para evitar a Boylan al final de Los lestrigones.";"https://riverrun.org.uk/JJD2.pdf";"https://www.buildingsofireland.ie/niah/search.jsp?type=record&county=DU&regno=50100222";"2026-10-07"
"gardiner";"Presbiterio de St Francis Xavier";"54 Upper Gardiner Street";"53.358133";"-6.260184";"Edificio o monumento catalogado";"10";"Coordenadas WGS84 del punto catalogado por el NIAH. Identifican el edificio o monumento, sin certificar la entrada ni la posición del personaje.";"El padre Conmee baja los escalones del presbiterio. El inventario lo distingue de la iglesia.";"https://riverrun.org.uk/JJD2.pdf";"https://www.buildingsofireland.ie/niah/search.jsp?type=record&county=DU&regno=50010877";"2026-10-07"
"aldborough";"Aldborough House";"Portland Row";"53.355152";"-6.248138";"Edificio o monumento catalogado";"10";"Coordenadas WGS84 del punto catalogado por el NIAH. Identifican el edificio o monumento, sin certificar la entrada ni la posición del personaje.";"Referencia del paseo de Conmee hacia North Strand.";"https://riverrun.org.uk/JJD2.pdf";"https://www.buildingsofireland.ie/niah/search.jsp?type=record&county=DU&regno=50010082";"2026-10-07"
"newcomen";"Newcomen Bridge";"North Strand / Royal Canal";"53.356532";"-6.244251";"Edificio o monumento catalogado";"10";"Coordenadas WGS84 del punto catalogado por el NIAH. Identifican el edificio o monumento, sin certificar la entrada ni la posición del personaje.";"Conmee sube al tranvía de Dollymount.";"https://riverrun.org.uk/JJD2.pdf";"https://www.buildingsofireland.ie/niah/search.jsp?type=record&county=DU&regno=50010063";"2026-10-07"
"ivy";"Ivy Church / St Barnabas";"61 North Strand Road, en 1904";"53.35856";"-6.241929";"Dirección histórica localizada";"10";"La dirección de 1904 se vincula al edificio o solar catalogado hoy con el mismo número. No se reconstruyen los interiores ni los negocios históricos.";"Edificio religioso visto durante el trayecto en tranvía.";"https://riverrun.org.uk/JJD2.pdf";"https://www.buildingsofireland.ie/niah/search.jsp?type=record&county=DU&regno=50120235";"2026-10-07"
"annesley";"Annesley Bridge";"Cruce del Tolka";"53.360858";"-6.238719";"Edificio o monumento catalogado";"10";"Coordenadas WGS84 del punto catalogado por el NIAH. Identifican el edificio o monumento, sin certificar la entrada ni la posición del personaje.";"Referencia del trayecto de Conmee antes de bajar del tranvía.";"https://riverrun.org.uk/JJD2.pdf";"https://www.buildingsofireland.ie/niah/search.jsp?type=record&county=DU&regno=50120203";"2026-10-07"
"howth";"Cruce de Howth Road";"Conmee baja del tranvía";"53.363";"-6.2345";"Tramo de calle · punto de referencia";"10";"Posición trasladada del mapa histórico a la geografía actual. No es una medición del edificio ni de los movimientos de los personajes. La coordenada es orientativa.";"El paseo continúa hacia Malahide Road y Artane; el punto no sitúa el encuentro final en el campo.";"https://riverrun.org.uk/JJD2.pdf";"https://riverrun.org.uk/JJD2.pdf";"2026-10-07"
"kelleher";"La funeraria de H. J. O’Neill";"164 North Strand Road, en 1904";"53.3553";"-6.2458";"Dirección histórica localizada";"10";"Posición trasladada del mapa histórico a la geografía actual. No es una medición del edificio ni de los movimientos de los personajes. La coordenada es orientativa.";"Corny Kelleher trabaja en la funeraria. Solar orientativo: la parcela no está certificada.";"https://riverrun.org.uk/JJD2.pdf";"https://riverrun.org.uk/JJD2.pdf";"2026-10-07"
"grafton";"Thornton’s";"63 Grafton Street";"53.340677";"-6.260964";"Dirección histórica localizada";"10";"La dirección de 1904 se vincula al edificio o solar catalogado hoy con el mismo número. No se reconstruyen los interiores ni los negocios históricos.";"Boylan compra un regalo para Molly. La dirección se ha corregido a la parte sur de la calle.";"https://riverrun.org.uk/JJD2.pdf";"https://www.buildingsofireland.ie/niah/search.jsp?type=record&county=DU&regno=50920061";"2026-10-07"
"dunne";"La oficina de Miss Dunne";"Posiblemente 15 D’Olier Street";"53.3462";"-6.2581";"Localización incierta";"10";"Posición trasladada del mapa histórico a la geografía actual. No es una medición del edificio ni de los movimientos de los personajes. La coordenada es orientativa.";"La identificación con The Advertising Co. es una hipótesis de Gunn y Hart, no una dirección establecida por el texto.";"https://riverrun.org.uk/JJD2.pdf";"https://riverrun.org.uk/JJD2.pdf";"2026-10-07"
"abbey";"St Mary’s Abbey · sala capitular";"Meetinghouse Lane";"53.347475";"-6.269304";"Edificio o monumento catalogado";"10";"Coordenadas WGS84 del punto catalogado por el NIAH. Identifican el edificio o monumento, sin certificar la entrada ni la posición del personaje.";"Ned Lambert acompaña al reverendo Love a la sala capitular.";"https://riverrun.org.uk/JJD2.pdf";"https://www.buildingsofireland.ie/niah/search.jsp?type=record&county=DU&regno=50060660";"2026-10-07"
"crampton";"Crampton Court";"Rochford, Lenehan y M’Coy";"53.3445";"-6.2646";"Tramo de calle · punto de referencia";"10";"Posición trasladada del mapa histórico a la geografía actual. No es una medición del edificio ni de los movimientos de los personajes. La coordenada es orientativa.";"Punto de partida del paseo de Lenehan y M’Coy.";"https://riverrun.org.uk/JJD2.pdf";"https://riverrun.org.uk/JJD2.pdf";"2026-10-07"
"merchants";"Merchants’ Arch";"Wellington Quay / Temple Bar";"53.345951";"-6.26281";"Edificio o monumento catalogado";"10, 11";"Coordenadas WGS84 del punto catalogado por el NIAH. Identifican el edificio o monumento, sin certificar la entrada ni la posición del personaje.";"Bloom aparece junto a los libros. Gunn y Hart no establecen con certeza que el préstamo de Sweets of Sin ocurriera aquí.";"https://riverrun.org.uk/JJD2.pdf";"https://www.buildingsofireland.ie/niah/search.jsp?type=record&county=DU&regno=50020156";"2026-10-07"
"kernan";"Crimmins’s";"27–28 James’s Street";"53.342933";"-6.290972";"Dirección histórica localizada";"10";"La dirección de 1904 se vincula al edificio o solar catalogado hoy con el mismo número. No se reconstruyen los interiores ni los negocios históricos.";"Kernan deja al comerciante y se dirige hacia Watling Street.";"https://riverrun.org.uk/JJD2.pdf";"https://www.buildingsofireland.ie/niah/search.jsp?type=record&county=DU&regno=50080297";"2026-10-07"
"watling";"Watling Street";"Bajada hacia el Liffey";"53.345";"-6.2846";"Tramo de calle · punto de referencia";"10";"Posición trasladada del mapa histórico a la geografía actual. No es una medición del edificio ni de los movimientos de los personajes. La coordenada es orientativa.";"Posición trasladada del mapa histórico a la geografía actual. No es una medición del edificio ni de los movimientos de los personajes. La coordenada es orientativa.";"https://riverrun.org.uk/JJD2.pdf";"https://riverrun.org.uk/JJD2.pdf";"2026-10-07"
"bloody";"Bloody Bridge";"Hoy Rory O’More Bridge";"53.346746";"-6.284039";"Edificio o monumento catalogado";"10";"Coordenadas WGS84 del punto catalogado por el NIAH. Identifican el edificio o monumento, sin certificar la entrada ni la posición del personaje.";"Kernan cruza el río después del paso del cortejo virreinal.";"https://riverrun.org.uk/JJD2.pdf";"https://www.buildingsofireland.ie/niah/search.jsp?type=record&county=DU&regno=50060353";"2026-10-07"
"bedford";"Bedford Row";"Stephen y Dilly, cerca de Clohissey’s";"53.3461";"-6.2608";"Tramo de calle · punto de referencia";"10";"Posición trasladada del mapa histórico a la geografía actual. No es una medición del edificio ni de los movimientos de los personajes. La coordenada es orientativa.";"La librería de Clohissey estaba en los números 10–11. El punto representa la calle, sin certificar la tienda.";"https://riverrun.org.uk/JJD2.pdf";"https://riverrun.org.uk/JJD2.pdf";"2026-10-07"
"reddy";"Reddy’s antiques";"19 Lower Ormond Quay, en 1904";"53.34636";"-6.26565";"Dirección histórica localizada";"10";"Posición trasladada del mapa histórico a la geografía actual. No es una medición del edificio ni de los movimientos de los personajes. La coordenada es orientativa.";"Martin Cunningham y sus compañeros aparecen cerca de la tienda de antigüedades. Posición trasladada del mapa histórico.";"https://riverrun.org.uk/JJD2.pdf";"https://riverrun.org.uk/JJD2.pdf";"2026-10-07"
"castle";"Castle Courtyard";"Dublin Castle";"53.343";"-6.267";"Zona narrativa · centro orientativo";"10";"Posición trasladada del mapa histórico a la geografía actual. No es una medición del edificio ni de los movimientos de los personajes. La coordenada es orientativa.";"El patio es uno de los escenarios del episodio. No se identifica la posición exacta de los personajes.";"https://riverrun.org.uk/JJD2.pdf";"https://riverrun.org.uk/JJD2.pdf";"2026-10-07"
"bread";"Dublin Bread Company";"33 Dame Street, en 1904";"53.34407";"-6.26328";"Dirección histórica localizada";"10";"Posición trasladada del mapa histórico a la geografía actual. No es una medición del edificio ni de los movimientos de los personajes. La coordenada es orientativa.";"Haines y Mulligan se detienen en el local de la DBC. Parcela histórica orientativa.";"https://riverrun.org.uk/JJD2.pdf";"https://riverrun.org.uk/JJD2.pdf";"2026-10-07"
"merrion";"Merrion Square North";"Artifoni, Farrell y el cortejo";"53.3401";"-6.2485";"Tramo de calle · punto de referencia";"10";"Posición trasladada del mapa histórico a la geografía actual. No es una medición del edificio ni de los movimientos de los personajes. La coordenada es orientativa.";"Posición trasladada del mapa histórico a la geografía actual. No es una medición del edificio ni de los movimientos de los personajes. La coordenada es orientativa.";"https://riverrun.org.uk/JJD2.pdf";"https://riverrun.org.uk/JJD2.pdf";"2026-10-07"
"mangan";"Mangan’s";"1–2 William Street, en 1904";"53.343";"-6.2624";"Dirección histórica localizada";"10";"Posición trasladada del mapa histórico a la geografía actual. No es una medición del edificio ni de los movimientos de los personajes. La coordenada es orientativa.";"El joven Patrick Dignam compra filetes y vuelve hacia Grafton Street. Zona orientativa.";"https://riverrun.org.uk/JJD2.pdf";"https://riverrun.org.uk/JJD2.pdf";"2026-10-07"
"viceregal";"Viceregal Lodge";"Hoy Áras an Uachtaráin";"53.3596";"-6.3172";"Zona narrativa · centro orientativo";"10";"Posición trasladada del mapa histórico a la geografía actual. No es una medición del edificio ni de los movimientos de los personajes. La coordenada es orientativa.";"El cortejo del virrey parte de aquí. El punto representa el conjunto de la residencia.";"https://riverrun.org.uk/JJD2.pdf";"https://riverrun.org.uk/JJD2.pdf";"2026-10-07"
"parkgate";"Park Gate";"Entrada de Phoenix Park";"53.348";"-6.2937";"Tramo de calle · punto de referencia";"10";"Posición trasladada del mapa histórico a la geografía actual. No es una medición del edificio ni de los movimientos de los personajes. La coordenada es orientativa.";"Posición trasladada del mapa histórico a la geografía actual. No es una medición del edificio ni de los movimientos de los personajes. La coordenada es orientativa.";"https://riverrun.org.uk/JJD2.pdf";"https://riverrun.org.uk/JJD2.pdf";"2026-10-07"
"kingsbridge";"King’s Bridge";"Hoy Seán Heuston Bridge";"53.347396";"-6.291824";"Edificio o monumento catalogado";"10";"Coordenadas WGS84 del punto catalogado por el NIAH. Identifican el edificio o monumento, sin certificar la entrada ni la posición del personaje.";"El cortejo baja hacia los muelles.";"https://riverrun.org.uk/JJD2.pdf";"https://www.buildingsofireland.ie/niah/search.jsp?type=record&county=DU&regno=50080033";"2026-10-07"
"fourcourts";"Four Courts";"Inns Quay";"53.34606";"-6.273443";"Edificio o monumento catalogado";"10";"Coordenadas WGS84 del punto catalogado por el NIAH. Identifican el edificio o monumento, sin certificar la entrada ni la posición del personaje.";"El cortejo pasa ante el complejo judicial.";"https://riverrun.org.uk/JJD2.pdf";"https://www.buildingsofireland.ie/niah/search.jsp?type=record&county=DU&regno=50070269";"2026-10-07"
"grattan";"Grattan / Essex Bridge";"Liffey / Capel Street";"53.345691";"-6.267734";"Edificio o monumento catalogado";"10, 11";"Coordenadas WGS84 del punto catalogado por el NIAH. Identifican el edificio o monumento, sin certificar la entrada ni la posición del personaje.";"Puente que cruzan el cortejo y varios personajes.";"https://riverrun.org.uk/JJD2.pdf";"https://www.buildingsofireland.ie/niah/search.jsp?type=record&county=DU&regno=50060361";"2026-10-07"
"cityhall";"City Hall";"Cork Hill";"53.343848";"-6.267159";"Edificio o monumento catalogado";"10";"Coordenadas WGS84 del punto catalogado por el NIAH. Identifican el edificio o monumento, sin certificar la entrada ni la posición del personaje.";"El cortejo deja los muelles y gira hacia Dame Street.";"https://riverrun.org.uk/JJD2.pdf";"https://www.buildingsofireland.ie/niah/search.jsp?type=record&county=DU&regno=50910009";"2026-10-07"
"nassau";"Nassau Street";"Lado sur de Trinity College";"53.3429";"-6.2568";"Tramo de calle · punto de referencia";"10";"Posición trasladada del mapa histórico a la geografía actual. No es una medición del edificio ni de los movimientos de los personajes. La coordenada es orientativa.";"Posición trasladada del mapa histórico a la geografía actual. No es una medición del edificio ni de los movimientos de los personajes. La coordenada es orientativa.";"https://riverrun.org.uk/JJD2.pdf";"https://riverrun.org.uk/JJD2.pdf";"2026-10-07"
"mountbridge";"El puente del Grand Canal";"Lower Mount Street";"53.337541";"-6.24032";"Edificio o monumento catalogado";"10";"Coordenadas WGS84 del punto catalogado por el NIAH. Identifican el edificio o monumento, sin certificar la entrada ni la posición del personaje.";"El cortejo cruza el Grand Canal, llamado Royal Canal en la frase de la novela.";"https://riverrun.org.uk/JJD2.pdf";"https://www.buildingsofireland.ie/niah/search.jsp?type=record&county=DU&regno=50100535";"2026-10-07"
"rds";"Royal Dublin Society";"Showgrounds, Ballsbridge";"53.3276";"-6.228";"Zona narrativa · centro orientativo";"10";"Posición trasladada del mapa histórico a la geografía actual. No es una medición del edificio ni de los movimientos de los personajes. La coordenada es orientativa.";"Destino del cortejo, en el bazar. El punto identifica el conjunto, no el pabellón de 1904.";"https://riverrun.org.uk/JJD2.pdf";"https://riverrun.org.uk/JJD2.pdf";"2026-10-07"
"ormond";"Ormond Hotel";"8 Upper Ormond Quay, en 1904";"53.346058";"-6.268986";"Dirección histórica localizada";"10, 11";"La dirección de 1904 se vincula al edificio o solar catalogado hoy con el mismo número. No se reconstruyen los interiores ni los negocios históricos.";"El NIAH cataloga el hotel en su solar histórico. La ficha describe una fase anterior a las transformaciones recientes; el punto no certifica el estado actual del hotel.";"https://riverrun.org.uk/JJD2.pdf";"https://www.buildingsofireland.ie/niah/search.jsp?type=record&county=DU&regno=50070289";"2026-10-07"
"wine";"Wine’s antiques";"35 Wellington Quay, en 1904";"53.34577";"-6.26394";"Dirección histórica localizada";"11";"Posición trasladada del mapa histórico a la geografía actual. No es una medición del edificio ni de los movimientos de los personajes. La coordenada es orientativa.";"Solar histórico reconstruido junto a la parcela 36 catalogada por el NIAH. El punto no certifica el edificio del número 35.";"https://riverrun.org.uk/JJD2.pdf";"https://riverrun.org.uk/JJD2.pdf";"2026-10-07"
"clarence";"Clarence Hotel";"6–7 Wellington Quay";"53.345348";"-6.266711";"Edificio o monumento catalogado";"11";"Coordenadas WGS84 del punto catalogado por el NIAH. Identifican el edificio o monumento, sin certificar la entrada ni la posición del personaje.";"Bloom continúa hacia Essex Bridge. El punto NIAH corresponde al complejo del hotel.";"https://riverrun.org.uk/JJD2.pdf";"https://www.buildingsofireland.ie/niah/search.jsp?type=record&county=DU&regno=50020034";"2026-10-07"
"kiernan";"El pub de Barney Kiernan";"8–10 Little Britain Street";"53.3491";"-6.2707";"Dirección histórica localizada";"12";"Posición trasladada del mapa histórico a la geografía actual. No es una medición del edificio ni de los movimientos de los personajes. La coordenada es orientativa.";"El pub ha desaparecido. Su solar se reconstruye a partir del mapa histórico cerca del tribunal; no corresponde a un negocio actual.";"https://riverrun.org.uk/JJD2.pdf";"https://riverrun.org.uk/JJD2.pdf";"2026-10-07"
"stoney";"Stoneybatter";"El encuentro del narrador con Joe Hynes";"53.350665";"-6.281778";"Tramo de calle · punto de referencia";"12";"El punto NIAH de un edificio de la calle sirve de referencia cartográfica al tramo recorrido. No es una parada del personaje.";"El narrador y Joe se dirigen hacia el pub; el punto representa el tramo de calle.";"https://riverrun.org.uk/JJD2.pdf";"https://www.buildingsofireland.ie/niah/search.jsp?type=record&county=DU&regno=50070188";"2026-10-07"
"green";"Green Street Courthouse";"Green Street";"53.349773";"-6.270856";"Edificio o monumento catalogado";"12";"Coordenadas WGS84 del punto catalogado por el NIAH. Identifican el edificio o monumento, sin certificar la entrada ni la posición del personaje.";"Escenario de las conversaciones sobre el juicio; buscan a Bloom en el barrio del tribunal.";"https://riverrun.org.uk/JJD2.pdf";"https://www.buildingsofireland.ie/niah/search.jsp?type=record&county=DU&regno=50070300";"2026-10-07"
"hospital";"National Maternity Hospital";"29–31 Holles Street, en 1904";"53.340221";"-6.246027";"Edificio o monumento catalogado";"14";"Coordenadas WGS84 del punto catalogado por el NIAH. Identifican el edificio o monumento, sin certificar la entrada ni la posición del personaje.";"La dirección del hospital histórico es Holles Street. El punto NIAH corresponde al conjunto, no a la sala de los médicos.";"https://riverrun.org.uk/JJD2.pdf";"https://www.buildingsofireland.ie/niah/search.jsp?type=record&county=DU&regno=50100347";"2026-10-07"
"burke";"Burke’s pub";"17 Holles Street, en 1904";"53.3413";"-6.2461";"Dirección histórica localizada";"14";"Posición trasladada del mapa histórico a la geografía actual. No es una medición del edificio ni de los movimientos de los personajes. La coordenada es orientativa.";"El grupo va al pub después del hospital. Punto histórico orientativo cerca de Fenian Street.";"https://riverrun.org.uk/JJD2.pdf";"https://riverrun.org.uk/JJD2.pdf";"2026-10-07"
"denzille";"Denzille Lane";"Hoy Denzille Lane";"53.3417";"-6.247";"Tramo de calle · punto de referencia";"14";"Posición trasladada del mapa histórico a la geografía actual. No es una medición del edificio ni de los movimientos de los personajes. La coordenada es orientativa.";"Stephen y Lynch se dirigen hacia la estación; Bloom los sigue.";"https://riverrun.org.uk/JJD2.pdf";"https://riverrun.org.uk/JJD2.pdf";"2026-10-07"
"station";"Westland Row Station";"Hoy Pearse Station";"53.343324";"-6.248344";"Edificio o monumento catalogado";"15";"Coordenadas WGS84 del punto catalogado por el NIAH. Identifican el edificio o monumento, sin certificar la entrada ni la posición del personaje.";"Estación del trayecto ferroviario hacia Amiens Street. Los especialistas reconstruyen el viaje entre capítulos.";"https://riverrun.org.uk/JJD2.pdf";"https://www.buildingsofireland.ie/niah/search.jsp?type=record&county=DU&regno=50930337";"2026-10-07"
"amiens";"Amiens Street Station";"Hoy Connolly Station";"53.351486";"-6.249716";"Edificio o monumento catalogado";"15, 16";"Coordenadas WGS84 del punto catalogado por el NIAH. Identifican el edificio o monumento, sin certificar la entrada ni la posición del personaje.";"El punto catalogado identifica la estación cerca de Talbot Street.";"https://riverrun.org.uk/JJD2.pdf";"https://www.buildingsofireland.ie/niah/search.jsp?type=record&county=DU&regno=50010119";"2026-10-07"
"talbot";"Talbot Street";"Hacia Mabbot Street";"53.3512";"-6.2516";"Tramo de calle · punto de referencia";"15";"Posición trasladada del mapa histórico a la geografía actual. No es una medición del edificio ni de los movimientos de los personajes. La coordenada es orientativa.";"Posición trasladada del mapa histórico a la geografía actual. No es una medición del edificio ni de los movimientos de los personajes. La coordenada es orientativa.";"https://riverrun.org.uk/JJD2.pdf";"https://riverrun.org.uk/JJD2.pdf";"2026-10-07"
"nighttown";"Entrada de Nighttown";"Mabbot Street, hoy James Joyce Street";"53.35118";"-6.25321";"Dirección histórica localizada";"15";"Posición trasladada del mapa histórico a la geografía actual. No es una medición del edificio ni de los movimientos de los personajes. La coordenada es orientativa.";"Entrada al barrio de Monto desde Talbot Street. Las calles actuales han cambiado profundamente.";"https://riverrun.org.uk/JJD2.pdf";"https://riverrun.org.uk/JJD2.pdf";"2026-10-07"
"bella";"La casa de Bella Cohen";"82 Lower Tyrone Street, hoy Railway Street";"53.35346";"-6.2506";"Dirección histórica localizada";"15";"Posición trasladada del mapa histórico a la geografía actual. No es una medición del edificio ni de los movimientos de los personajes. La coordenada es orientativa.";"Dirección histórica: 82; Circe indica 81 e Ítaca 82. La posición en la calle es orientativa y no identifica un edificio conservado.";"https://riverrun.org.uk/JJD2.pdf";"https://riverrun.org.uk/JJD2.pdf";"2026-10-07"
"beaver";"Beaver Street";"La pelea con los soldados";"53.353";"-6.2495";"Zona narrativa · centro orientativo";"15, 16";"Posición trasladada del mapa histórico a la geografía actual. No es una medición del edificio ni de los movimientos de los personajes. La coordenada es orientativa.";"Stephen cae tras el enfrentamiento. El punto marca una zona histórica sin pretender localizar su caída.";"https://riverrun.org.uk/JJD2.pdf";"https://riverrun.org.uk/JJD2.pdf";"2026-10-07"
"foley";"Montgomery Street";"Hoy Foley Street";"53.3521";"-6.2511";"Tramo de calle · punto de referencia";"16";"Posición trasladada del mapa histórico a la geografía actual. No es una medición del edificio ni de los movimientos de los personajes. La coordenada es orientativa.";"Tramo del regreso de Bloom y Stephen desde Nighttown.";"https://riverrun.org.uk/JJD2.pdf";"https://riverrun.org.uk/JJD2.pdf";"2026-10-07"
"shelter";"El refugio de los cocheros";"Butt Bridge / Loopline";"53.34805";"-6.2545";"Dirección histórica localizada";"16, 17";"Posición trasladada del mapa histórico a la geografía actual. No es una medición del edificio ni de los movimientos de los personajes. La coordenada es orientativa.";"La estructura ya no existe. El punto representa el solar entre Beresford Place y el puente ferroviario, no un edificio actual.";"https://riverrun.org.uk/JJD2.pdf";"https://riverrun.org.uk/JJD2.pdf";"2026-10-07"
"beresford";"Beresford Place";"Regreso hacia Gardiner Street";"53.348561";"-6.255137";"Tramo de calle · punto de referencia";"17";"El punto NIAH de un edificio de la calle sirve de referencia cartográfica al tramo recorrido. No es una parada del personaje.";"El punto NIAH de un edificio de la calle sirve de referencia cartográfica al tramo recorrido. No es una parada del personaje.";"https://riverrun.org.uk/JJD2.pdf";"https://www.buildingsofireland.ie/niah/search.jsp?type=record&county=DU&regno=50010301";"2026-10-07"
"lowergardiner";"Lower Gardiner Street";"Del refugio hacia casa";"53.352001";"-6.255059";"Tramo de calle · punto de referencia";"17";"El punto NIAH de un edificio de la calle sirve de referencia cartográfica al tramo recorrido. No es una parada del personaje.";"El punto NIAH de un edificio de la calle sirve de referencia cartográfica al tramo recorrido. No es una parada del personaje.";"https://riverrun.org.uk/JJD2.pdf";"https://www.buildingsofireland.ie/niah/search.jsp?type=record&county=DU&regno=50010185";"2026-10-07"
"middlegardiner";"Middle Gardiner Street";"Continuando hacia Mountjoy Square";"53.3544";"-6.2571";"Tramo de calle · punto de referencia";"17";"Posición trasladada del mapa histórico a la geografía actual. No es una medición del edificio ni de los movimientos de los personajes. La coordenada es orientativa.";"Posición trasladada del mapa histórico a la geografía actual. No es una medición del edificio ni de los movimientos de los personajes. La coordenada es orientativa.";"https://riverrun.org.uk/JJD2.pdf";"https://riverrun.org.uk/JJD2.pdf";"2026-10-07"
"mountjoy";"Mountjoy Square West";"Lado oeste de la plaza";"53.356384";"-6.258954";"Tramo de calle · punto de referencia";"17";"El punto NIAH de un edificio de la calle sirve de referencia cartográfica al tramo recorrido. No es una parada del personaje.";"El punto NIAH de un edificio de la calle sirve de referencia cartográfica al tramo recorrido. No es una parada del personaje.";"https://riverrun.org.uk/JJD2.pdf";"https://www.buildingsofireland.ie/niah/search.jsp?type=record&county=DU&regno=50010950";"2026-10-07"
"gardinerplace";"Gardiner Place";"Hacia Temple Street";"53.3564";"-6.260137";"Tramo de calle · punto de referencia";"17";"El punto NIAH de un edificio de la calle sirve de referencia cartográfica al tramo recorrido. No es una parada del personaje.";"El punto NIAH de un edificio de la calle sirve de referencia cartográfica al tramo recorrido. No es una parada del personaje.";"https://riverrun.org.uk/JJD2.pdf";"https://www.buildingsofireland.ie/niah/search.jsp?type=record&county=DU&regno=50010863";"2026-10-07"
"temple";"Temple Street North";"Hacia Hardwicke Place";"53.35675";"-6.2614";"Tramo de calle · punto de referencia";"17";"Posición trasladada del mapa histórico a la geografía actual. No es una medición del edificio ni de los movimientos de los personajes. La coordenada es orientativa.";"Posición trasladada del mapa histórico a la geografía actual. No es una medición del edificio ni de los movimientos de los personajes. La coordenada es orientativa.";"https://riverrun.org.uk/JJD2.pdf";"https://riverrun.org.uk/JJD2.pdf";"2026-10-07"
