"id";"place";"address";"latitude_WGS84";"longitude_WGS84";"type";"chapters";"precision_method";"note";"scene_source";"coordinate_source";"checked"
"tower";"Martello Tower";"Sandycove Point";"53.288656";"-6.113632";"Listed building · municipal register";"1";"Centroid of the tower footprint in the official DLR County Council register, RPS 1027, converted to WGS84 by the service. It does not locate the characters inside.";"The tower where the novel opens; now the James Joyce Tower and Museum.";"https://riverrun.org.uk/JJD2.pdf";"https://services.arcgis.com/41mg5wcsG0sphp5W/arcgis/rest/services/ProtectedStructures_CDP2228_dlrcoco/FeatureServer/16/query?where=RPSNumber%3D%271027%27&outFields=*&outSR=4326&f=pjson";"2026-10-07"
"forty";"Forty Foot";"Sandycove";"53.28875";"-6.1131";"Narrative area · approximate centre";"1";"Position transferred from the historical map to modern geography. It is not a survey of the building or the characters’ movements. The coordinate is an approximate reference.";"Mulligan’s bathing area. The point marks coastal access, not the swimmer’s position.";"https://riverrun.org.uk/JJD2.pdf";"https://riverrun.org.uk/JJD2.pdf";"2026-10-07"
"school";"Deasy’s school";"Summerfield, 63 Dalkey Avenue";"53.276074";"-6.108585";"Uncertain location";"2";"Centroid of Summerfield House’s footprint in the official DLR County Council register, converted to WGS84 by the service. James Joyce Online Notes documents the connection to Deasy’s model; the novel does not name Summerfield.";"Historical model: Clifton School at Summerfield. The point is the centre of protected building RPS 1909. Identifying it as the novel’s school remains an inference; the position of Summerfield Lodge within it is uncertain.";"https://riverrun.org.uk/JJD2.pdf";"https://services.arcgis.com/41mg5wcsG0sphp5W/arcgis/rest/services/ProtectedStructures_CDP2228_dlrcoco/FeatureServer/16/1807";"2026-10-07"
"leahy";"Leahy’s Terrace steps";"Historical access to the beach";"53.33647";"-6.21777";"Located historical address";"3, 13";"Position transferred from the historical map to modern geography. It is not a survey of the building or the characters’ movements. The coordinate is an approximate reference.";"The 1904 shore access predates land reclamation and today’s coastal road.";"https://riverrun.org.uk/JJD2.pdf";"https://riverrun.org.uk/JJD2.pdf";"2026-10-07"
"strand";"The Proteus shore";"Sandymount, towards Pigeon House";"53.34";"-6.21";"Narrative area · approximate centre";"3";"Position transferred from the historical map to modern geography. It is not a survey of the building or the characters’ movements. The coordinate is an approximate reference.";"Stephen walks along the northern shore towards the north-east. Land reclamation has changed the coastline; the point marks the centre of an area.";"https://riverrun.org.uk/JJD2.pdf";"https://riverrun.org.uk/JJD2.pdf";"2026-10-07"
"boulders";"The boulder pier";"Historical shore near Pigeon House";"53.342";"-6.207";"Narrative area · approximate centre";"3";"Position transferred from the historical map to modern geography. It is not a survey of the building or the characters’ movements. The coordinate is an approximate reference.";"Historical stretch where Stephen stops. His boulder cannot be identified in present-day imagery.";"https://riverrun.org.uk/JJD2.pdf";"https://riverrun.org.uk/JJD2.pdf";"2026-10-07"
"nausicaa";"The Nausicaa shore";"Sandymount near Leahy’s Terrace";"53.336";"-6.214";"Narrative area · approximate centre";"13";"Position transferred from the historical map to modern geography. It is not a survey of the building or the characters’ movements. The coordinate is an approximate reference.";"Area of Gerty and Bloom’s evening scene, separate from Stephen’s walk. The rock seat is unidentified.";"https://riverrun.org.uk/JJD2.pdf";"https://riverrun.org.uk/JJD2.pdf";"2026-10-07"
"star";"Star of the Sea";"Leahy’s Terrace / Sandymount Road";"53.33597";"-6.21957";"Located historical address";"13";"Position transferred from the historical map to modern geography. It is not a survey of the building or the characters’ movements. The coordinate is an approximate reference.";"Voices and sounds bring the church service into the scene. The photographic source locates the church but claims no cadastral precision.";"https://riverrun.org.uk/JJD2.pdf";"https://commons.wikimedia.org/wiki/Category:St._Mary%27s_Church,_Star_of_the_Sea,_Sandymount_Road,_Dublin";"2026-10-07"
"eccles";"7 Eccles Street";"Site of the Blooms’ home";"53.357833";"-6.264533";"Located historical address";"4, 10, 17, 18";"Position transferred from the historical map to modern geography. It is not a survey of the building or the characters’ movements. The coordinate is an approximate reference.";"The house was demolished. The point marks the present-day plaque at the historical site, not the centre of the vanished house. Its door is preserved at the James Joyce Centre.";"https://riverrun.org.uk/JJD2.pdf";"https://www.hmdb.org/m.asp?m=269822";"2026-10-07"
"orourke";"Larry O’Rourke’s pub";"72–73 Upper Dorset Street";"53.357422";"-6.264128";"Located historical address";"4";"The 1904 address is tied to the building or plot listed today under the same number. Historical interiors and businesses are not reconstructed.";"The pub stands at the corner Bloom turns into to buy the kidney.";"https://riverrun.org.uk/JJD2.pdf";"https://www.buildingsofireland.ie/niah/search.jsp?type=record&county=DU&regno=50010705";"2026-10-07"
"josephschool";"St Joseph’s National School";"81–84 Upper Dorset Street";"53.356823";"-6.264847";"Located historical address";"4";"The 1904 address is tied to the building or plot listed today under the same number. Historical interiors and businesses are not reconstructed.";"Bloom passes the school. The inventory identifies the building, now used for another purpose.";"https://riverrun.org.uk/JJD2.pdf";"https://www.buildingsofireland.ie/niah/search.jsp?type=record&county=DU&regno=50010699";"2026-10-07"
"dlugacz";"Dlugacz’s butcher’s shop";"Upper Dorset Street";"53.35655";"-6.265";"Uncertain location";"4";"Position transferred from the historical map to modern geography. It is not a survey of the building or the characters’ movements. The coordinate is an approximate reference.";"Joyce invented this shop without a street number. The reference indicates the side of the street reconstructed by Gunn and Hart, not an identified business.";"https://riverrun.org.uk/JJD2.pdf";"https://riverrun.org.uk/JJD2.pdf";"2026-10-07"
"george";"St George’s Church";"Hardwicke Place";"53.35734";"-6.26276";"Listed building or monument";"4, 17";"WGS84 coordinates of the NIAH inventory point. They identify the building or monument, without certifying the entrance or the character’s position.";"The bells mark the start of the day and the end of the return journey.";"https://riverrun.org.uk/JJD2.pdf";"https://www.buildingsofireland.ie/niah/search.jsp?type=record&county=DU&regno=50010878";"2026-10-07"
"quay";"Sir John Rogerson’s Quay";"Near Lime Street";"53.34685";"-6.2409";"Street section · reference point";"5";"Position transferred from the historical map to modern geography. It is not a survey of the building or the characters’ movements. The coordinate is an approximate reference.";"Bloom walks east along the quay. The point is a reference for the opening stretch.";"https://riverrun.org.uk/JJD2.pdf";"https://riverrun.org.uk/JJD2.pdf";"2026-10-07"
"lime";"Lime Street";"From the quay to Hanover Street";"53.3455";"-6.2406";"Street section · reference point";"5";"Position transferred from the historical map to modern geography. It is not a survey of the building or the characters’ movements. The coordinate is an approximate reference.";"Bloom leaves the quays and heads south.";"https://riverrun.org.uk/JJD2.pdf";"https://riverrun.org.uk/JJD2.pdf";"2026-10-07"
"hanover";"Hanover Street East";"Towards Lombard Street East";"53.34485";"-6.2425";"Street section · reference point";"5";"Position transferred from the historical map to modern geography. It is not a survey of the building or the characters’ movements. The coordinate is an approximate reference.";"Part of the westward detour.";"https://riverrun.org.uk/JJD2.pdf";"https://riverrun.org.uk/JJD2.pdf";"2026-10-07"
"lombard";"Lombard Street East";"Junction with Townsend Street";"53.3452";"-6.247";"Street section · reference point";"5";"Position transferred from the historical map to modern geography. It is not a survey of the building or the characters’ movements. The coordinate is an approximate reference.";"Bloom crosses to the western side before heading down towards Westland Row.";"https://riverrun.org.uk/JJD2.pdf";"https://riverrun.org.uk/JJD2.pdf";"2026-10-07"
"post";"Westland Row post office";"49–50 Westland Row, in 1904";"53.34355";"-6.24967";"Located historical address";"5";"Position transferred from the historical map to modern geography. It is not a survey of the building or the characters’ movements. The coordinate is an approximate reference.";"Bloom collects the letter addressed to Henry Flower here. Historical location north of St Andrew’s, near Pearse Street; the 1904 building requires further cadastral georeferencing. This is not the GPO on O’Connell Street.";"https://riverrun.org.uk/JJD2.pdf";"https://riverrun.org.uk/JJD2.pdf";"2026-10-07"
"pearse";"Great Brunswick Street";"Now Pearse Street, near Westland Row";"53.3438";"-6.2495";"Street section · reference point";"5";"Position transferred from the historical map to modern geography. It is not a survey of the building or the characters’ movements. The coordinate is an approximate reference.";"Bloom heads back towards Great Brunswick Street and walks around the church.";"https://riverrun.org.uk/JJD2.pdf";"https://riverrun.org.uk/JJD2.pdf";"2026-10-07"
"cumberland";"Cumberland Street South";"Rear church entrance";"53.3431";"-6.2478";"Street section · reference point";"5";"Position transferred from the historical map to modern geography. It is not a survey of the building or the characters’ movements. The coordinate is an approximate reference.";"Part of the detour before the church service.";"https://riverrun.org.uk/JJD2.pdf";"https://riverrun.org.uk/JJD2.pdf";"2026-10-07"
"andrew";"All Hallows / St Andrew’s";"47–48 Westland Row";"53.343099";"-6.249051";"Listed building or monument";"5";"WGS84 coordinates of the NIAH inventory point. They identify the building or monument, without certifying the entrance or the character’s position.";"The novel’s church is St Andrew’s, called All Hallows by Joyce. Bloom enters from the rear.";"https://riverrun.org.uk/JJD2.pdf";"https://www.buildingsofireland.ie/niah/search.jsp?type=record&county=DU&regno=50930336";"2026-10-07"
"sweny";"Sweny’s Pharmacy";"1 Lincoln Place";"53.341865";"-6.250559";"Listed building or monument";"5";"WGS84 coordinates of the NIAH inventory point. They identify the building or monument, without certifying the entrance or the character’s position.";"The former pharmacy building is listed by the NIAH. Bloom buys his lemon soap here.";"https://riverrun.org.uk/JJD2.pdf";"https://www.buildingsofireland.ie/niah/search.jsp?type=record&county=DU&regno=50020449";"2026-10-07"
"conway";"Conway’s pub";"31–32 Westland Row";"53.342173";"-6.250764";"Located historical address";"5";"The 1904 address is tied to the building or plot listed today under the same number. Historical interiors and businesses are not reconstructed.";"Historical address now occupied by Kennedy’s. Bantam Lyons heads back towards this pub.";"https://riverrun.org.uk/JJD2.pdf";"https://www.buildingsofireland.ie/niah/search.jsp?type=record&county=DU&regno=50020447";"2026-10-07"
"baths";"Turkish and Warm Baths";"11 Leinster Street, in 1904";"53.34165";"-6.2534";"Located historical address";"5";"Position transferred from the historical map to modern geography. It is not a survey of the building or the characters’ movements. The coordinate is an approximate reference.";"Destination mentioned retrospectively in Ithaca. Lotus Eaters ends before Bloom arrives; Gunn and Hart discuss the alternative baths at Lincoln Place. Approximate site.";"https://riverrun.org.uk/JJD2.pdf";"https://riverrun.org.uk/JJD2.pdf";"2026-10-07"
"dignam";"Paddy Dignam’s home";"9 Newbridge Avenue";"53.335502";"-6.223457";"Located historical address";"6";"Position transferred from the historical map to modern geography. It is not a survey of the building or the characters’ movements. The coordinate is an approximate reference.";"The address is explicit in the novel. The point comes from a published site visit, not a cadastral survey. Earlier versions named number 10, on the opposite side.";"https://riverrun.org.uk/JJD2.pdf";"https://www.tedz.eu/view.php?mdfile=20250609_041622.md";"2026-10-07"
"triton";"Tritonville Road";"Funeral procession towards Irishtown";"53.337";"-6.2218";"Street section · reference point";"6";"Position transferred from the historical map to modern geography. It is not a survey of the building or the characters’ movements. The coordinate is an approximate reference.";"Position transferred from the historical map to modern geography. It is not a survey of the building or the characters’ movements. The coordinate is an approximate reference.";"https://riverrun.org.uk/JJD2.pdf";"https://riverrun.org.uk/JJD2.pdf";"2026-10-07"
"london";"Londonbridge Road";"Towards the Dodder";"53.3376";"-6.226";"Street section · reference point";"6";"Position transferred from the historical map to modern geography. It is not a survey of the building or the characters’ movements. The coordinate is an approximate reference.";"Position transferred from the historical map to modern geography. It is not a survey of the building or the characters’ movements. The coordinate is an approximate reference.";"https://riverrun.org.uk/JJD2.pdf";"https://riverrun.org.uk/JJD2.pdf";"2026-10-07"
"irishtown";"Irishtown Road";"Near Watery Lane";"53.34";"-6.2254";"Street section · reference point";"6";"Position transferred from the historical map to modern geography. It is not a survey of the building or the characters’ movements. The coordinate is an approximate reference.";"Bloom sees Stephen in Irishtown near the former Watery Lane.";"https://riverrun.org.uk/JJD2.pdf";"https://riverrun.org.uk/JJD2.pdf";"2026-10-07"
"ringsend";"Ringsend Bridge";"Crossing the Dodder";"53.3419";"-6.227";"Street section · reference point";"6";"Position transferred from the historical map to modern geography. It is not a survey of the building or the characters’ movements. The coordinate is an approximate reference.";"Position transferred from the historical map to modern geography. It is not a survey of the building or the characters’ movements. The coordinate is an approximate reference.";"https://riverrun.org.uk/JJD2.pdf";"https://riverrun.org.uk/JJD2.pdf";"2026-10-07"
"canaldock";"Grand Canal Docks";"Ringsend Road bridge";"53.342";"-6.2353";"Street section · reference point";"6";"Position transferred from the historical map to modern geography. It is not a survey of the building or the characters’ movements. The coordinate is an approximate reference.";"The procession stops at the bridge over the dock basin, which could open for boats in 1904.";"https://riverrun.org.uk/JJD2.pdf";"https://riverrun.org.uk/JJD2.pdf";"2026-10-07"
"greatbrunswick";"Great Brunswick Street";"Now Pearse Street";"53.344";"-6.243";"Street section · reference point";"6";"Position transferred from the historical map to modern geography. It is not a survey of the building or the characters’ movements. The coordinate is an approximate reference.";"Position transferred from the historical map to modern geography. It is not a survey of the building or the characters’ movements. The coordinate is an approximate reference.";"https://riverrun.org.uk/JJD2.pdf";"https://riverrun.org.uk/JJD2.pdf";"2026-10-07"
"dolier";"D’Olier Street";"Towards O’Connell Bridge";"53.346528";"-6.257917";"Street section · reference point";"6";"The NIAH point for a building on the street provides a cartographic reference for the section travelled. It is not a stop made by the character.";"A listed building marks the section travelled by the carriage.";"https://riverrun.org.uk/JJD2.pdf";"https://www.buildingsofireland.ie/niah/search.jsp?type=record&county=DU&regno=50020282";"2026-10-07"
"ocbridge";"O’Connell Bridge";"The bridge over the Liffey";"53.347275";"-6.2591";"Listed building or monument";"6, 8";"WGS84 coordinates of the NIAH inventory point. They identify the building or monument, without certifying the entrance or the character’s position.";"The procession crosses the Liffey. In Lestrygonians, Bloom observes the river from the bridge.";"https://riverrun.org.uk/JJD2.pdf";"https://www.buildingsofireland.ie/niah/search.jsp?type=record&county=DU&regno=50060552";"2026-10-07"
"pillar";"Nelson’s Pillar";"Historical site, now The Spire";"53.34981";"-6.26025";"Located historical address";"6";"Position transferred from the historical map to modern geography. It is not a survey of the building or the characters’ movements. The coordinate is an approximate reference.";"The pillar was destroyed in 1966. The reference marks the monument’s site.";"https://riverrun.org.uk/JJD2.pdf";"https://riverrun.org.uk/JJD2.pdf";"2026-10-07"
"rotunda";"The Rotunda";"Rutland Square, now Parnell Square";"53.352111";"-6.262892";"Listed building or monument";"6";"WGS84 coordinates of the NIAH inventory point. They identify the building or monument, without certifying the entrance or the character’s position.";"The carriage continues north along the side of the Rotunda.";"https://riverrun.org.uk/JJD2.pdf";"https://www.buildingsofireland.ie/niah/search.jsp?type=record&county=DU&regno=50010621";"2026-10-07"
"frederick";"Frederick Street North";"Towards Blessington Street";"53.3548";"-6.2646";"Street section · reference point";"6";"Position transferred from the historical map to modern geography. It is not a survey of the building or the characters’ movements. The coordinate is an approximate reference.";"Position transferred from the historical map to modern geography. It is not a survey of the building or the characters’ movements. The coordinate is an approximate reference.";"https://riverrun.org.uk/JJD2.pdf";"https://riverrun.org.uk/JJD2.pdf";"2026-10-07"
"blessington";"Blessington Street";"Eastern section";"53.356599";"-6.266753";"Street section · reference point";"6";"The NIAH point for a building on the street provides a cartographic reference for the section travelled. It is not a stop made by the character.";"The NIAH point for a building on the street provides a cartographic reference for the section travelled. It is not a stop made by the character.";"https://riverrun.org.uk/JJD2.pdf";"https://www.buildingsofireland.ie/niah/search.jsp?type=record&county=DU&regno=50070432";"2026-10-07"
"berkeley";"Berkeley Road";"The procession turns north";"53.359157";"-6.270054";"Street section · reference point";"6";"The NIAH point for a building on the street provides a cartographic reference for the section travelled. It is not a stop made by the character.";"The NIAH point for a building on the street provides a cartographic reference for the section travelled. It is not a stop made by the character.";"https://riverrun.org.uk/JJD2.pdf";"https://www.buildingsofireland.ie/niah/search.jsp?type=record&county=DU&regno=50060272";"2026-10-07"
"circular";"North Circular Road";"Towards Phibsborough";"53.360816";"-6.270847";"Street section · reference point";"6";"The NIAH point for a building on the street provides a cartographic reference for the section travelled. It is not a stop made by the character.";"The NIAH point for a building on the street provides a cartographic reference for the section travelled. It is not a stop made by the character.";"https://riverrun.org.uk/JJD2.pdf";"https://www.buildingsofireland.ie/niah/search.jsp?type=record&county=DU&regno=50060232";"2026-10-07"
"crossguns";"Cross Guns Bridge";"Royal Canal / Phibsborough Road";"53.364342";"-6.271796";"Listed building or monument";"6";"WGS84 coordinates of the NIAH inventory point. They identify the building or monument, without certifying the entrance or the character’s position.";"The second canal crossed by the procession, before Prospect Avenue.";"https://riverrun.org.uk/JJD2.pdf";"https://www.buildingsofireland.ie/niah/search.jsp?type=record&county=DU&regno=50060185";"2026-10-07"
"prospect";"Prospect Avenue";"Towards Finglas Road";"53.3667";"-6.274";"Street section · reference point";"6";"Position transferred from the historical map to modern geography. It is not a survey of the building or the characters’ movements. The coordinate is an approximate reference.";"Position transferred from the historical map to modern geography. It is not a survey of the building or the characters’ movements. The coordinate is an approximate reference.";"https://riverrun.org.uk/JJD2.pdf";"https://riverrun.org.uk/JJD2.pdf";"2026-10-07"
"cemetery";"Glasnevin entrance";"Finglas Road / Prospect Cemetery";"53.369787";"-6.277609";"Listed building or monument";"6";"WGS84 coordinates of the NIAH inventory point. They identify the building or monument, without certifying the entrance or the character’s position.";"The inventory point marks the entrance to the cemetery complex.";"https://riverrun.org.uk/JJD2.pdf";"https://www.buildingsofireland.ie/niah/search.jsp?type=record&county=DU&regno=50130070";"2026-10-07"
"chapel";"Mortuary chapel";"Glasnevin Cemetery";"53.370364";"-6.277868";"Listed building or monument";"6";"WGS84 coordinates of the NIAH inventory point. They identify the building or monument, without certifying the entrance or the character’s position.";"A stop during the ceremony. Dignam’s fictional grave has no verifiable point.";"https://riverrun.org.uk/JJD2.pdf";"https://www.buildingsofireland.ie/niah/search.jsp?type=record&county=DU&regno=50130075";"2026-10-07"
"crypt";"O’Connell monument";"Glasnevin Cemetery";"53.370181";"-6.277139";"Listed building or monument";"6";"WGS84 coordinates of the NIAH inventory point. They identify the building or monument, without certifying the entrance or the character’s position.";"Reference within the cemetery, distinct from the monument on O’Connell Street.";"https://riverrun.org.uk/JJD2.pdf";"https://www.buildingsofireland.ie/niah/search.jsp?type=record&county=DU&regno=50130079";"2026-10-07"
"parnell";"Parnell monument";"Glasnevin Cemetery";"53.37085";"-6.278708";"Listed building or monument";"6";"WGS84 coordinates of the NIAH inventory point. They identify the building or monument, without certifying the entrance or the character’s position.";"Hynes and Power head towards Parnell’s grave.";"https://riverrun.org.uk/JJD2.pdf";"https://www.buildingsofireland.ie/niah/search.jsp?type=record&county=DU&regno=50130074";"2026-10-07"
"gpo";"General Post Office";"O’Connell Street";"53.349421";"-6.260307";"Listed building or monument";"7";"WGS84 coordinates of the NIAH inventory point. They identify the building or monument, without certifying the entrance or the character’s position.";"The GPO appears in Aeolus, in the setting of the newspaper offices and city centre.";"https://riverrun.org.uk/JJD2.pdf";"https://www.buildingsofireland.ie/niah/search.jsp?type=record&county=DU&regno=50010527";"2026-10-07"
"newspaper";"Freeman’s Journal / Evening Telegraph";"4–8 Prince’s Street, in 1904";"53.349";"-6.2605";"Located historical address";"7";"Position transferred from the historical map to modern geography. It is not a survey of the building or the characters’ movements. The coordinate is an approximate reference.";"Site of the newspaper offices on the south side of the street. Destruction in 1916 and rebuilding changed this block.";"https://riverrun.org.uk/JJD2.pdf";"https://riverrun.org.uk/JJD2.pdf";"2026-10-07"
"dillon";"Dillon’s auctionrooms";"25 Bachelor’s Walk";"53.347301";"-6.260726";"Located historical address";"7, 10";"The 1904 address is tied to the building or plot listed today under the same number. Historical interiors and businesses are not reconstructed.";"Address of the auction rooms, now the Arlington Hotel plot. Continuity of the number does not verify the 1904 building.";"https://riverrun.org.uk/JJD2.pdf";"https://www.buildingsofireland.ie/niah/search.jsp?type=record&county=DU&regno=50010328";"2026-10-07"
"mooney";"Mooney’s «en ville»";"1 Lower Abbey Street";"53.34856";"-6.2592";"Located historical address";"7";"Position transferred from the historical map to modern geography. It is not a survey of the building or the characters’ movements. The coordinate is an approximate reference.";"The group’s destination at the end of Aeolus; area of the historical address.";"https://riverrun.org.uk/JJD2.pdf";"https://riverrun.org.uk/JJD2.pdf";"2026-10-07"
"oconnell";"Graham Lemon’s";"49 Lower Sackville Street";"53.347979";"-6.259889";"Located historical address";"8";"The 1904 address is tied to the building or plot listed today under the same number. Historical interiors and businesses are not reconstructed.";"Bloom’s walk begins near the confectioner’s, on today’s O’Connell Street.";"https://riverrun.org.uk/JJD2.pdf";"https://www.buildingsofireland.ie/niah/search.jsp?type=record&county=DU&regno=50010506";"2026-10-07"
"ballast";"Ballast Office";"Westmoreland Street, near the bridge";"53.34695";"-6.2591";"Located historical address";"8";"Position transferred from the historical map to modern geography. It is not a survey of the building or the characters’ movements. The coordinate is an approximate reference.";"Bloom looks at the time signal. The historical building is gone; the point marks its site.";"https://riverrun.org.uk/JJD2.pdf";"https://riverrun.org.uk/JJD2.pdf";"2026-10-07"
"moore";"Thomas Moore statue";"College Street";"53.345192";"-6.258914";"Listed building or monument";"8";"WGS84 coordinates of the NIAH inventory point. They identify the building or monument, without certifying the entrance or the character’s position.";"A reference on the walk through the centre.";"https://riverrun.org.uk/JJD2.pdf";"https://www.buildingsofireland.ie/niah/search.jsp?type=record&county=DU&regno=50020371";"2026-10-07"
"trinitygate";"Trinity College entrance";"College Green";"53.344457";"-6.258953";"Listed building or monument";"10";"WGS84 coordinates of the NIAH inventory point. They identify the building or monument, without certifying the entrance or the character’s position.";"Stephen meets singing teacher Almidano Artifoni here.";"https://riverrun.org.uk/JJD2.pdf";"https://www.buildingsofireland.ie/niah/search.jsp?type=record&county=DU&regno=50020376";"2026-10-07"
"provost";"Provost’s House";"1 Grafton Street";"53.343594";"-6.258711";"Listed building or monument";"8";"WGS84 coordinates of the NIAH inventory point. They identify the building or monument, without certifying the entrance or the character’s position.";"Bloom meets A. E. near the provost’s house.";"https://riverrun.org.uk/JJD2.pdf";"https://www.buildingsofireland.ie/niah/search.jsp?type=record&county=DU&regno=50020381";"2026-10-07"
"adam";"Adam Court";"Side street off Grafton Street";"53.34291";"-6.2589";"Street section · reference point";"8";"Position transferred from the historical map to modern geography. It is not a survey of the building or the characters’ movements. The coordinate is an approximate reference.";"Bloom sees the courtyard entrance and recalls city-centre establishments.";"https://riverrun.org.uk/JJD2.pdf";"https://riverrun.org.uk/JJD2.pdf";"2026-10-07"
"burton";"Burton Restaurant";"18 Duke Street";"53.341803";"-6.258972";"Located historical address";"8";"The 1904 address is tied to the building or plot listed today under the same number. Historical interiors and businesses are not reconstructed.";"Bloom enters and leaves, disgusted by the diners’ habits.";"https://riverrun.org.uk/JJD2.pdf";"https://www.buildingsofireland.ie/niah/search.jsp?type=record&county=DU&regno=50100042";"2026-10-07"
"davy";"Davy Byrne’s";"21 Duke Street";"53.341853";"-6.259337";"Listed building or monument";"8";"WGS84 coordinates of the NIAH inventory point. They identify the building or monument, without certifying the entrance or the character’s position.";"Bloom’s lunch pub: gorgonzola and Burgundy.";"https://riverrun.org.uk/JJD2.pdf";"https://www.buildingsofireland.ie/niah/search.jsp?type=record&county=DU&regno=50100039";"2026-10-07"
"dawson";"Dawson Street";"After lunch";"53.341701";"-6.25834";"Street section · reference point";"8";"The NIAH point for a building on the street provides a cartographic reference for the section travelled. It is not a stop made by the character.";"The NIAH point for a building on the street provides a cartographic reference for the section travelled. It is not a stop made by the character.";"https://riverrun.org.uk/JJD2.pdf";"https://www.buildingsofireland.ie/niah/search.jsp?type=record&county=DU&regno=50100048";"2026-10-07"
"molesworth";"Molesworth Street";"Towards Kildare Street";"53.341112";"-6.256129";"Street section · reference point";"8";"The NIAH point for a building on the street provides a cartographic reference for the section travelled. It is not a stop made by the character.";"The NIAH point for a building on the street provides a cartographic reference for the section travelled. It is not a stop made by the character.";"https://riverrun.org.uk/JJD2.pdf";"https://www.buildingsofireland.ie/niah/search.jsp?type=record&county=DU&regno=50100106";"2026-10-07"
"freemasons";"Freemasons’ Hall";"17–18 Molesworth Street";"53.341087";"-6.255961";"Listed building or monument";"8";"WGS84 coordinates of the NIAH inventory point. They identify the building or monument, without certifying the entrance or the character’s position.";"Bloom passes the Masonic headquarters.";"https://riverrun.org.uk/JJD2.pdf";"https://www.buildingsofireland.ie/niah/search.jsp?type=record&county=DU&regno=50100107";"2026-10-07"
"library";"National Library of Ireland";"Kildare Street";"53.341045";"-6.254515";"Listed building or monument";"8, 9";"WGS84 coordinates of the NIAH inventory point. They identify the building or monument, without certifying the entrance or the character’s position.";"Library of the Shakespeare discussion. The point marks the building, not the room where the conversation takes place.";"https://riverrun.org.uk/JJD2.pdf";"https://www.buildingsofireland.ie/niah/search.jsp?type=record&county=DU&regno=50100219";"2026-10-07"
"museum";"National Museum of Ireland";"Kildare Street";"53.340367";"-6.254868";"Listed building or monument";"8";"WGS84 coordinates of the NIAH inventory point. They identify the building or monument, without certifying the entrance or the character’s position.";"Bloom turns towards the museum to avoid Boylan at the end of Lestrygonians.";"https://riverrun.org.uk/JJD2.pdf";"https://www.buildingsofireland.ie/niah/search.jsp?type=record&county=DU&regno=50100222";"2026-10-07"
"gardiner";"St Francis Xavier presbytery";"54 Upper Gardiner Street";"53.358133";"-6.260184";"Listed building or monument";"10";"WGS84 coordinates of the NIAH inventory point. They identify the building or monument, without certifying the entrance or the character’s position.";"Father Conmee descends the presbytery steps. The inventory distinguishes it from the church.";"https://riverrun.org.uk/JJD2.pdf";"https://www.buildingsofireland.ie/niah/search.jsp?type=record&county=DU&regno=50010877";"2026-10-07"
"aldborough";"Aldborough House";"Portland Row";"53.355152";"-6.248138";"Listed building or monument";"10";"WGS84 coordinates of the NIAH inventory point. They identify the building or monument, without certifying the entrance or the character’s position.";"Reference on Conmee’s walk towards North Strand.";"https://riverrun.org.uk/JJD2.pdf";"https://www.buildingsofireland.ie/niah/search.jsp?type=record&county=DU&regno=50010082";"2026-10-07"
"newcomen";"Newcomen Bridge";"North Strand / Royal Canal";"53.356532";"-6.244251";"Listed building or monument";"10";"WGS84 coordinates of the NIAH inventory point. They identify the building or monument, without certifying the entrance or the character’s position.";"Conmee boards the Dollymount tram.";"https://riverrun.org.uk/JJD2.pdf";"https://www.buildingsofireland.ie/niah/search.jsp?type=record&county=DU&regno=50010063";"2026-10-07"
"ivy";"Ivy Church / St Barnabas";"61 North Strand Road, in 1904";"53.35856";"-6.241929";"Located historical address";"10";"The 1904 address is tied to the building or plot listed today under the same number. Historical interiors and businesses are not reconstructed.";"Religious building seen on the tram journey.";"https://riverrun.org.uk/JJD2.pdf";"https://www.buildingsofireland.ie/niah/search.jsp?type=record&county=DU&regno=50120235";"2026-10-07"
"annesley";"Annesley Bridge";"Crossing the Tolka";"53.360858";"-6.238719";"Listed building or monument";"10";"WGS84 coordinates of the NIAH inventory point. They identify the building or monument, without certifying the entrance or the character’s position.";"Reference on Conmee’s journey before he leaves the tram.";"https://riverrun.org.uk/JJD2.pdf";"https://www.buildingsofireland.ie/niah/search.jsp?type=record&county=DU&regno=50120203";"2026-10-07"
"howth";"Howth Road junction";"Conmee leaves the tram";"53.363";"-6.2345";"Street section · reference point";"10";"Position transferred from the historical map to modern geography. It is not a survey of the building or the characters’ movements. The coordinate is an approximate reference.";"The walk continues towards Malahide Road and Artane; the point does not locate the final countryside encounter.";"https://riverrun.org.uk/JJD2.pdf";"https://riverrun.org.uk/JJD2.pdf";"2026-10-07"
"kelleher";"H. J. O’Neill’s undertaking business";"164 North Strand Road, in 1904";"53.3553";"-6.2458";"Located historical address";"10";"Position transferred from the historical map to modern geography. It is not a survey of the building or the characters’ movements. The coordinate is an approximate reference.";"Corny Kelleher works at the undertaker’s. Approximate site: the plot is not certified.";"https://riverrun.org.uk/JJD2.pdf";"https://riverrun.org.uk/JJD2.pdf";"2026-10-07"
"grafton";"Thornton’s";"63 Grafton Street";"53.340677";"-6.260964";"Located historical address";"10";"The 1904 address is tied to the building or plot listed today under the same number. Historical interiors and businesses are not reconstructed.";"Boylan buys a gift for Molly. The address has been corrected to the southern part of the street.";"https://riverrun.org.uk/JJD2.pdf";"https://www.buildingsofireland.ie/niah/search.jsp?type=record&county=DU&regno=50920061";"2026-10-07"
"dunne";"Miss Dunne’s office";"Possibly 15 D’Olier Street";"53.3462";"-6.2581";"Uncertain location";"10";"Position transferred from the historical map to modern geography. It is not a survey of the building or the characters’ movements. The coordinate is an approximate reference.";"Identification with The Advertising Co. is Gunn and Hart’s hypothesis, not an address established by the text.";"https://riverrun.org.uk/JJD2.pdf";"https://riverrun.org.uk/JJD2.pdf";"2026-10-07"
"abbey";"St Mary’s Abbey · chapter house";"Meetinghouse Lane";"53.347475";"-6.269304";"Listed building or monument";"10";"WGS84 coordinates of the NIAH inventory point. They identify the building or monument, without certifying the entrance or the character’s position.";"Ned Lambert accompanies Reverend Love to the chapter house.";"https://riverrun.org.uk/JJD2.pdf";"https://www.buildingsofireland.ie/niah/search.jsp?type=record&county=DU&regno=50060660";"2026-10-07"
"crampton";"Crampton Court";"Rochford, Lenehan and M’Coy";"53.3445";"-6.2646";"Street section · reference point";"10";"Position transferred from the historical map to modern geography. It is not a survey of the building or the characters’ movements. The coordinate is an approximate reference.";"Starting point of Lenehan and M’Coy’s walk.";"https://riverrun.org.uk/JJD2.pdf";"https://riverrun.org.uk/JJD2.pdf";"2026-10-07"
"merchants";"Merchants’ Arch";"Wellington Quay / Temple Bar";"53.345951";"-6.26281";"Listed building or monument";"10, 11";"WGS84 coordinates of the NIAH inventory point. They identify the building or monument, without certifying the entrance or the character’s position.";"Bloom is seen near the books. Gunn and Hart do not establish that the borrowing of Sweets of Sin took place here.";"https://riverrun.org.uk/JJD2.pdf";"https://www.buildingsofireland.ie/niah/search.jsp?type=record&county=DU&regno=50020156";"2026-10-07"
"kernan";"Crimmins’s";"27–28 James’s Street";"53.342933";"-6.290972";"Located historical address";"10";"The 1904 address is tied to the building or plot listed today under the same number. Historical interiors and businesses are not reconstructed.";"Kernan leaves the merchant and heads towards Watling Street.";"https://riverrun.org.uk/JJD2.pdf";"https://www.buildingsofireland.ie/niah/search.jsp?type=record&county=DU&regno=50080297";"2026-10-07"
"watling";"Watling Street";"Down towards the Liffey";"53.345";"-6.2846";"Street section · reference point";"10";"Position transferred from the historical map to modern geography. It is not a survey of the building or the characters’ movements. The coordinate is an approximate reference.";"Position transferred from the historical map to modern geography. It is not a survey of the building or the characters’ movements. The coordinate is an approximate reference.";"https://riverrun.org.uk/JJD2.pdf";"https://riverrun.org.uk/JJD2.pdf";"2026-10-07"
"bloody";"Bloody Bridge";"Now Rory O’More Bridge";"53.346746";"-6.284039";"Listed building or monument";"10";"WGS84 coordinates of the NIAH inventory point. They identify the building or monument, without certifying the entrance or the character’s position.";"Kernan crosses the river after the viceregal procession passes.";"https://riverrun.org.uk/JJD2.pdf";"https://www.buildingsofireland.ie/niah/search.jsp?type=record&county=DU&regno=50060353";"2026-10-07"
"bedford";"Bedford Row";"Stephen and Dilly, near Clohissey’s";"53.3461";"-6.2608";"Street section · reference point";"10";"Position transferred from the historical map to modern geography. It is not a survey of the building or the characters’ movements. The coordinate is an approximate reference.";"Clohissey’s bookshop was at numbers 10–11. The point represents the street, without verifying the shop.";"https://riverrun.org.uk/JJD2.pdf";"https://riverrun.org.uk/JJD2.pdf";"2026-10-07"
"reddy";"Reddy’s antiques";"19 Lower Ormond Quay, in 1904";"53.34636";"-6.26565";"Located historical address";"10";"Position transferred from the historical map to modern geography. It is not a survey of the building or the characters’ movements. The coordinate is an approximate reference.";"Martin Cunningham and his companions appear near the antique shop. Position transferred from the historical map.";"https://riverrun.org.uk/JJD2.pdf";"https://riverrun.org.uk/JJD2.pdf";"2026-10-07"
"castle";"Castle Courtyard";"Dublin Castle";"53.343";"-6.267";"Narrative area · approximate centre";"10";"Position transferred from the historical map to modern geography. It is not a survey of the building or the characters’ movements. The coordinate is an approximate reference.";"The courtyard is one of the episode’s settings. The characters’ exact positions are not identified.";"https://riverrun.org.uk/JJD2.pdf";"https://riverrun.org.uk/JJD2.pdf";"2026-10-07"
"bread";"Dublin Bread Company";"33 Dame Street, in 1904";"53.34407";"-6.26328";"Located historical address";"10";"Position transferred from the historical map to modern geography. It is not a survey of the building or the characters’ movements. The coordinate is an approximate reference.";"Haines and Mulligan stop at the DBC establishment. Approximate historical plot.";"https://riverrun.org.uk/JJD2.pdf";"https://riverrun.org.uk/JJD2.pdf";"2026-10-07"
"merrion";"Merrion Square North";"Artifoni, Farrell and the procession";"53.3401";"-6.2485";"Street section · reference point";"10";"Position transferred from the historical map to modern geography. It is not a survey of the building or the characters’ movements. The coordinate is an approximate reference.";"Position transferred from the historical map to modern geography. It is not a survey of the building or the characters’ movements. The coordinate is an approximate reference.";"https://riverrun.org.uk/JJD2.pdf";"https://riverrun.org.uk/JJD2.pdf";"2026-10-07"
"mangan";"Mangan’s";"1–2 William Street, in 1904";"53.343";"-6.2624";"Located historical address";"10";"Position transferred from the historical map to modern geography. It is not a survey of the building or the characters’ movements. The coordinate is an approximate reference.";"Young Patrick Dignam buys steaks and returns towards Grafton Street. Approximate area.";"https://riverrun.org.uk/JJD2.pdf";"https://riverrun.org.uk/JJD2.pdf";"2026-10-07"
"viceregal";"Viceregal Lodge";"Now Áras an Uachtaráin";"53.3596";"-6.3172";"Narrative area · approximate centre";"10";"Position transferred from the historical map to modern geography. It is not a survey of the building or the characters’ movements. The coordinate is an approximate reference.";"The viceroy’s procession departs here. The point represents the residential complex.";"https://riverrun.org.uk/JJD2.pdf";"https://riverrun.org.uk/JJD2.pdf";"2026-10-07"
"parkgate";"Park Gate";"Phoenix Park entrance";"53.348";"-6.2937";"Street section · reference point";"10";"Position transferred from the historical map to modern geography. It is not a survey of the building or the characters’ movements. The coordinate is an approximate reference.";"Position transferred from the historical map to modern geography. It is not a survey of the building or the characters’ movements. The coordinate is an approximate reference.";"https://riverrun.org.uk/JJD2.pdf";"https://riverrun.org.uk/JJD2.pdf";"2026-10-07"
"kingsbridge";"King’s Bridge";"Now Seán Heuston Bridge";"53.347396";"-6.291824";"Listed building or monument";"10";"WGS84 coordinates of the NIAH inventory point. They identify the building or monument, without certifying the entrance or the character’s position.";"The procession descends to the quays.";"https://riverrun.org.uk/JJD2.pdf";"https://www.buildingsofireland.ie/niah/search.jsp?type=record&county=DU&regno=50080033";"2026-10-07"
"fourcourts";"Four Courts";"Inns Quay";"53.34606";"-6.273443";"Listed building or monument";"10";"WGS84 coordinates of the NIAH inventory point. They identify the building or monument, without certifying the entrance or the character’s position.";"The procession passes the court complex.";"https://riverrun.org.uk/JJD2.pdf";"https://www.buildingsofireland.ie/niah/search.jsp?type=record&county=DU&regno=50070269";"2026-10-07"
"grattan";"Grattan / Essex Bridge";"Liffey / Capel Street";"53.345691";"-6.267734";"Listed building or monument";"10, 11";"WGS84 coordinates of the NIAH inventory point. They identify the building or monument, without certifying the entrance or the character’s position.";"Bridge crossed by the procession and several characters.";"https://riverrun.org.uk/JJD2.pdf";"https://www.buildingsofireland.ie/niah/search.jsp?type=record&county=DU&regno=50060361";"2026-10-07"
"cityhall";"City Hall";"Cork Hill";"53.343848";"-6.267159";"Listed building or monument";"10";"WGS84 coordinates of the NIAH inventory point. They identify the building or monument, without certifying the entrance or the character’s position.";"The procession turns from the quays towards Dame Street.";"https://riverrun.org.uk/JJD2.pdf";"https://www.buildingsofireland.ie/niah/search.jsp?type=record&county=DU&regno=50910009";"2026-10-07"
"nassau";"Nassau Street";"South side of Trinity College";"53.3429";"-6.2568";"Street section · reference point";"10";"Position transferred from the historical map to modern geography. It is not a survey of the building or the characters’ movements. The coordinate is an approximate reference.";"Position transferred from the historical map to modern geography. It is not a survey of the building or the characters’ movements. The coordinate is an approximate reference.";"https://riverrun.org.uk/JJD2.pdf";"https://riverrun.org.uk/JJD2.pdf";"2026-10-07"
"mountbridge";"The Grand Canal bridge";"Lower Mount Street";"53.337541";"-6.24032";"Listed building or monument";"10";"WGS84 coordinates of the NIAH inventory point. They identify the building or monument, without certifying the entrance or the character’s position.";"The procession crosses the Grand Canal, called the Royal Canal in the novel’s sentence.";"https://riverrun.org.uk/JJD2.pdf";"https://www.buildingsofireland.ie/niah/search.jsp?type=record&county=DU&regno=50100535";"2026-10-07"
"rds";"Royal Dublin Society";"Showgrounds, Ballsbridge";"53.3276";"-6.228";"Narrative area · approximate centre";"10";"Position transferred from the historical map to modern geography. It is not a survey of the building or the characters’ movements. The coordinate is an approximate reference.";"The procession’s destination, at the bazaar. The point identifies the complex, not the 1904 pavilion.";"https://riverrun.org.uk/JJD2.pdf";"https://riverrun.org.uk/JJD2.pdf";"2026-10-07"
"ormond";"Ormond Hotel";"8 Upper Ormond Quay, in 1904";"53.346058";"-6.268986";"Located historical address";"10, 11";"The 1904 address is tied to the building or plot listed today under the same number. Historical interiors and businesses are not reconstructed.";"The NIAH lists the hotel at its historical site. Its record describes a phase before recent changes; the point does not verify the hotel’s current condition.";"https://riverrun.org.uk/JJD2.pdf";"https://www.buildingsofireland.ie/niah/search.jsp?type=record&county=DU&regno=50070289";"2026-10-07"
"wine";"Wine’s antiques";"35 Wellington Quay, in 1904";"53.34577";"-6.26394";"Located historical address";"11";"Position transferred from the historical map to modern geography. It is not a survey of the building or the characters’ movements. The coordinate is an approximate reference.";"Historical site reconstructed near plot 36 listed by the NIAH. The point does not certify the building at number 35.";"https://riverrun.org.uk/JJD2.pdf";"https://riverrun.org.uk/JJD2.pdf";"2026-10-07"
"clarence";"Clarence Hotel";"6–7 Wellington Quay";"53.345348";"-6.266711";"Listed building or monument";"11";"WGS84 coordinates of the NIAH inventory point. They identify the building or monument, without certifying the entrance or the character’s position.";"Bloom continues towards Essex Bridge. The NIAH point refers to the hotel complex.";"https://riverrun.org.uk/JJD2.pdf";"https://www.buildingsofireland.ie/niah/search.jsp?type=record&county=DU&regno=50020034";"2026-10-07"
"kiernan";"Barney Kiernan’s pub";"8–10 Little Britain Street";"53.3491";"-6.2707";"Located historical address";"12";"Position transferred from the historical map to modern geography. It is not a survey of the building or the characters’ movements. The coordinate is an approximate reference.";"The pub is gone. Its site is reconstructed from the historical map near the courthouse; it does not represent a present-day business.";"https://riverrun.org.uk/JJD2.pdf";"https://riverrun.org.uk/JJD2.pdf";"2026-10-07"
"stoney";"Stoneybatter";"The narrator’s meeting with Joe Hynes";"53.350665";"-6.281778";"Street section · reference point";"12";"The NIAH point for a building on the street provides a cartographic reference for the section travelled. It is not a stop made by the character.";"The narrator and Joe head towards the pub; the point represents the street section.";"https://riverrun.org.uk/JJD2.pdf";"https://www.buildingsofireland.ie/niah/search.jsp?type=record&county=DU&regno=50070188";"2026-10-07"
"green";"Green Street Courthouse";"Green Street";"53.349773";"-6.270856";"Listed building or monument";"12";"WGS84 coordinates of the NIAH inventory point. They identify the building or monument, without certifying the entrance or the character’s position.";"Setting of discussion about the trial; Bloom is sought in the courthouse neighbourhood.";"https://riverrun.org.uk/JJD2.pdf";"https://www.buildingsofireland.ie/niah/search.jsp?type=record&county=DU&regno=50070300";"2026-10-07"
"hospital";"National Maternity Hospital";"29–31 Holles Street, in 1904";"53.340221";"-6.246027";"Listed building or monument";"14";"WGS84 coordinates of the NIAH inventory point. They identify the building or monument, without certifying the entrance or the character’s position.";"The historical hospital’s address is Holles Street. The NIAH point refers to the complex, not the doctors’ room.";"https://riverrun.org.uk/JJD2.pdf";"https://www.buildingsofireland.ie/niah/search.jsp?type=record&county=DU&regno=50100347";"2026-10-07"
"burke";"Burke’s pub";"17 Holles Street, in 1904";"53.3413";"-6.2461";"Located historical address";"14";"Position transferred from the historical map to modern geography. It is not a survey of the building or the characters’ movements. The coordinate is an approximate reference.";"The group heads to the pub after the hospital. Approximate historical point near Fenian Street.";"https://riverrun.org.uk/JJD2.pdf";"https://riverrun.org.uk/JJD2.pdf";"2026-10-07"
"denzille";"Denzille Lane";"Now Denzille Lane";"53.3417";"-6.247";"Street section · reference point";"14";"Position transferred from the historical map to modern geography. It is not a survey of the building or the characters’ movements. The coordinate is an approximate reference.";"Stephen and Lynch head towards the station; Bloom follows them.";"https://riverrun.org.uk/JJD2.pdf";"https://riverrun.org.uk/JJD2.pdf";"2026-10-07"
"station";"Westland Row Station";"Now Pearse Station";"53.343324";"-6.248344";"Listed building or monument";"15";"WGS84 coordinates of the NIAH inventory point. They identify the building or monument, without certifying the entrance or the character’s position.";"Station for the rail crossing towards Amiens Street. The journey between chapters is reconstructed by scholars.";"https://riverrun.org.uk/JJD2.pdf";"https://www.buildingsofireland.ie/niah/search.jsp?type=record&county=DU&regno=50930337";"2026-10-07"
"amiens";"Amiens Street Station";"Now Connolly Station";"53.351486";"-6.249716";"Listed building or monument";"15, 16";"WGS84 coordinates of the NIAH inventory point. They identify the building or monument, without certifying the entrance or the character’s position.";"The inventory point identifies the station near Talbot Street.";"https://riverrun.org.uk/JJD2.pdf";"https://www.buildingsofireland.ie/niah/search.jsp?type=record&county=DU&regno=50010119";"2026-10-07"
"talbot";"Talbot Street";"Towards Mabbot Street";"53.3512";"-6.2516";"Street section · reference point";"15";"Position transferred from the historical map to modern geography. It is not a survey of the building or the characters’ movements. The coordinate is an approximate reference.";"Position transferred from the historical map to modern geography. It is not a survey of the building or the characters’ movements. The coordinate is an approximate reference.";"https://riverrun.org.uk/JJD2.pdf";"https://riverrun.org.uk/JJD2.pdf";"2026-10-07"
"nighttown";"Nighttown entrance";"Mabbot Street, now James Joyce Street";"53.35118";"-6.25321";"Located historical address";"15";"Position transferred from the historical map to modern geography. It is not a survey of the building or the characters’ movements. The coordinate is an approximate reference.";"Entrance to the Monto district from Talbot Street. Today’s streets have changed considerably.";"https://riverrun.org.uk/JJD2.pdf";"https://riverrun.org.uk/JJD2.pdf";"2026-10-07"
"bella";"Bella Cohen’s house";"82 Lower Tyrone Street, now Railway Street";"53.35346";"-6.2506";"Located historical address";"15";"Position transferred from the historical map to modern geography. It is not a survey of the building or the characters’ movements. The coordinate is an approximate reference.";"Historical address: 82; Circe gives 81 and Ithaca 82. The street location is approximate and does not identify a surviving building.";"https://riverrun.org.uk/JJD2.pdf";"https://riverrun.org.uk/JJD2.pdf";"2026-10-07"
"beaver";"Beaver Street";"The fight with the soldiers";"53.353";"-6.2495";"Narrative area · approximate centre";"15, 16";"Position transferred from the historical map to modern geography. It is not a survey of the building or the characters’ movements. The coordinate is an approximate reference.";"Stephen falls after the clash. The point marks a historical area without claiming to locate his fall.";"https://riverrun.org.uk/JJD2.pdf";"https://riverrun.org.uk/JJD2.pdf";"2026-10-07"
"foley";"Montgomery Street";"Now Foley Street";"53.3521";"-6.2511";"Street section · reference point";"16";"Position transferred from the historical map to modern geography. It is not a survey of the building or the characters’ movements. The coordinate is an approximate reference.";"Part of Bloom and Stephen’s return from Nighttown.";"https://riverrun.org.uk/JJD2.pdf";"https://riverrun.org.uk/JJD2.pdf";"2026-10-07"
"shelter";"The cabmen’s shelter";"Butt Bridge / Loopline";"53.34805";"-6.2545";"Located historical address";"16, 17";"Position transferred from the historical map to modern geography. It is not a survey of the building or the characters’ movements. The coordinate is an approximate reference.";"The structure no longer exists. The point represents the site between Beresford Place and the railway bridge, not a present-day building.";"https://riverrun.org.uk/JJD2.pdf";"https://riverrun.org.uk/JJD2.pdf";"2026-10-07"
"beresford";"Beresford Place";"Return towards Gardiner Street";"53.348561";"-6.255137";"Street section · reference point";"17";"The NIAH point for a building on the street provides a cartographic reference for the section travelled. It is not a stop made by the character.";"The NIAH point for a building on the street provides a cartographic reference for the section travelled. It is not a stop made by the character.";"https://riverrun.org.uk/JJD2.pdf";"https://www.buildingsofireland.ie/niah/search.jsp?type=record&county=DU&regno=50010301";"2026-10-07"
"lowergardiner";"Lower Gardiner Street";"From the shelter towards home";"53.352001";"-6.255059";"Street section · reference point";"17";"The NIAH point for a building on the street provides a cartographic reference for the section travelled. It is not a stop made by the character.";"The NIAH point for a building on the street provides a cartographic reference for the section travelled. It is not a stop made by the character.";"https://riverrun.org.uk/JJD2.pdf";"https://www.buildingsofireland.ie/niah/search.jsp?type=record&county=DU&regno=50010185";"2026-10-07"
"middlegardiner";"Middle Gardiner Street";"Continuing towards Mountjoy Square";"53.3544";"-6.2571";"Street section · reference point";"17";"Position transferred from the historical map to modern geography. It is not a survey of the building or the characters’ movements. The coordinate is an approximate reference.";"Position transferred from the historical map to modern geography. It is not a survey of the building or the characters’ movements. The coordinate is an approximate reference.";"https://riverrun.org.uk/JJD2.pdf";"https://riverrun.org.uk/JJD2.pdf";"2026-10-07"
"mountjoy";"Mountjoy Square West";"West side of the square";"53.356384";"-6.258954";"Street section · reference point";"17";"The NIAH point for a building on the street provides a cartographic reference for the section travelled. It is not a stop made by the character.";"The NIAH point for a building on the street provides a cartographic reference for the section travelled. It is not a stop made by the character.";"https://riverrun.org.uk/JJD2.pdf";"https://www.buildingsofireland.ie/niah/search.jsp?type=record&county=DU&regno=50010950";"2026-10-07"
"gardinerplace";"Gardiner Place";"Towards Temple Street";"53.3564";"-6.260137";"Street section · reference point";"17";"The NIAH point for a building on the street provides a cartographic reference for the section travelled. It is not a stop made by the character.";"The NIAH point for a building on the street provides a cartographic reference for the section travelled. It is not a stop made by the character.";"https://riverrun.org.uk/JJD2.pdf";"https://www.buildingsofireland.ie/niah/search.jsp?type=record&county=DU&regno=50010863";"2026-10-07"
"temple";"Temple Street North";"Towards Hardwicke Place";"53.35675";"-6.2614";"Street section · reference point";"17";"Position transferred from the historical map to modern geography. It is not a survey of the building or the characters’ movements. The coordinate is an approximate reference.";"Position transferred from the historical map to modern geography. It is not a survey of the building or the characters’ movements. The coordinate is an approximate reference.";"https://riverrun.org.uk/JJD2.pdf";"https://riverrun.org.uk/JJD2.pdf";"2026-10-07"
