"id";"luogo";"indirizzo";"latitudine_WGS84";"longitudine_WGS84";"tipo";"capitoli";"precisione_metodo";"nota";"fonte_scena";"fonte_coordinate";"data_verifica"
"tower";"Torre Martello";"Sandycove Point";"53.288656";"-6.113632";"Edificio censito · registro comunale";"1";"Centroide dell’impronta della torre nel registro ufficiale DLR County Council, RPS 1027, trasformata dal servizio in WGS84. Non identifica la posizione dei personaggi all’interno.";"Torre che apre il romanzo; oggi James Joyce Tower and Museum.";"https://riverrun.org.uk/JJD2.pdf";"https://services.arcgis.com/41mg5wcsG0sphp5W/arcgis/rest/services/ProtectedStructures_CDP2228_dlrcoco/FeatureServer/16/query?where=RPSNumber%3D%271027%27&outFields=*&outSR=4326&f=pjson";"2026-10-07"
"forty";"Forty Foot";"Sandycove";"53.28875";"-6.1131";"Area narrativa · centro orientativo";"1";"Posizione riportata sulla geografia moderna dalla carta storica; non è una misura dell’edificio o dei movimenti dei personaggi. La coordinata è un riferimento orientativo.";"La zona del bagno di Mulligan. Il punto rappresenta l’accesso costiero, senza localizzare il nuotatore.";"https://riverrun.org.uk/JJD2.pdf";"https://riverrun.org.uk/JJD2.pdf";"2026-10-07"
"school";"La scuola di Deasy";"Summerfield, 63 Dalkey Avenue";"53.276074";"-6.108585";"Localizzazione incerta";"2";"Centroide dell’impronta di Summerfield House nel registro ufficiale DLR County Council, trasformata dal servizio in WGS84. Il riferimento al modello di Deasy è documentato da James Joyce Online Notes; il romanzo non nomina Summerfield.";"Modello storico: Clifton School a Summerfield. Il punto è il centro del fabbricato tutelato RPS 1909; l’identificazione della scuola del romanzo resta un’inferenza e la posizione di Summerfield Lodge al suo interno non è certa.";"https://riverrun.org.uk/JJD2.pdf";"https://services.arcgis.com/41mg5wcsG0sphp5W/arcgis/rest/services/ProtectedStructures_CDP2228_dlrcoco/FeatureServer/16/1807";"2026-10-07"
"leahy";"Gli scalini di Leahy’s Terrace";"Sbocco storico sulla spiaggia";"53.33647";"-6.21777";"Indirizzo storico localizzato";"3, 13";"Posizione riportata sulla geografia moderna dalla carta storica; non è una misura dell’edificio o dei movimenti dei personaggi. La coordinata è un riferimento orientativo.";"L’accesso alla riva del 1904 precede le bonifiche e la strada costiera attuale.";"https://riverrun.org.uk/JJD2.pdf";"https://riverrun.org.uk/JJD2.pdf";"2026-10-07"
"strand";"La riva di Proteo";"Sandymount, verso Pigeon House";"53.34";"-6.21";"Area narrativa · centro orientativo";"3";"Posizione riportata sulla geografia moderna dalla carta storica; non è una misura dell’edificio o dei movimenti dei personaggi. La coordinata è un riferimento orientativo.";"Stephen si muove sulla riva settentrionale, verso nord-est. Le bonifiche hanno modificato il profilo costiero; il punto è un centro di area.";"https://riverrun.org.uk/JJD2.pdf";"https://riverrun.org.uk/JJD2.pdf";"2026-10-07"
"boulders";"Il molo di massi";"Riva storica presso Pigeon House";"53.342";"-6.207";"Area narrativa · centro orientativo";"3";"Posizione riportata sulla geografia moderna dalla carta storica; non è una misura dell’edificio o dei movimenti dei personaggi. La coordinata è un riferimento orientativo.";"Tratto storico in cui Stephen si ferma; non è possibile identificare il suo masso sulle immagini attuali.";"https://riverrun.org.uk/JJD2.pdf";"https://riverrun.org.uk/JJD2.pdf";"2026-10-07"
"nausicaa";"La riva di Nausicaa";"Sandymount presso Leahy’s Terrace";"53.336";"-6.214";"Area narrativa · centro orientativo";"13";"Posizione riportata sulla geografia moderna dalla carta storica; non è una misura dell’edificio o dei movimenti dei personaggi. La coordinata è un riferimento orientativo.";"Area della scena serale di Gerty e Bloom, distinta dalla passeggiata di Stephen. Il sedile di roccia non è identificato.";"https://riverrun.org.uk/JJD2.pdf";"https://riverrun.org.uk/JJD2.pdf";"2026-10-07"
"star";"Star of the Sea";"Leahy’s Terrace / Sandymount Road";"53.33597";"-6.21957";"Indirizzo storico localizzato";"13";"Posizione riportata sulla geografia moderna dalla carta storica; non è una misura dell’edificio o dei movimenti dei personaggi. La coordinata è un riferimento orientativo.";"La funzione religiosa entra nella scena attraverso voci e suoni. La fonte fotografica localizza la chiesa, senza precisione catastale dichiarata.";"https://riverrun.org.uk/JJD2.pdf";"https://commons.wikimedia.org/wiki/Category:St._Mary%27s_Church,_Star_of_the_Sea,_Sandymount_Road,_Dublin";"2026-10-07"
"eccles";"7 Eccles Street";"Sito della casa dei Bloom";"53.357833";"-6.264533";"Indirizzo storico localizzato";"4, 10, 17, 18";"Posizione riportata sulla geografia moderna dalla carta storica; non è una misura dell’edificio o dei movimenti dei personaggi. La coordinata è un riferimento orientativo.";"La casa è stata demolita. Il punto identifica la targa odierna presso il sito storico, non il centro della casa scomparsa. La porta è conservata al James Joyce Centre.";"https://riverrun.org.uk/JJD2.pdf";"https://www.hmdb.org/m.asp?m=269822";"2026-10-07"
"orourke";"Il pub di Larry O’Rourke";"72–73 Upper Dorset Street";"53.357422";"-6.264128";"Indirizzo storico localizzato";"4";"L’indirizzo del 1904 è riferito all’edificio o al lotto censito oggi con lo stesso numero. Gli interni e l’attività storica non sono ricostruiti.";"Il pub è all’angolo imboccato da Bloom per comprare il rognone.";"https://riverrun.org.uk/JJD2.pdf";"https://www.buildingsofireland.ie/niah/search.jsp?type=record&county=DU&regno=50010705";"2026-10-07"
"josephschool";"St Joseph’s National School";"81–84 Upper Dorset Street";"53.356823";"-6.264847";"Indirizzo storico localizzato";"4";"L’indirizzo del 1904 è riferito all’edificio o al lotto censito oggi con lo stesso numero. Gli interni e l’attività storica non sono ricostruiti.";"Bloom passa davanti alla scuola; il censimento identifica il fabbricato, oggi con altra destinazione.";"https://riverrun.org.uk/JJD2.pdf";"https://www.buildingsofireland.ie/niah/search.jsp?type=record&county=DU&regno=50010699";"2026-10-07"
"dlugacz";"La macelleria di Dlugacz";"Upper Dorset Street";"53.35655";"-6.265";"Localizzazione incerta";"4";"Posizione riportata sulla geografia moderna dalla carta storica; non è una misura dell’edificio o dei movimenti dei personaggi. La coordinata è un riferimento orientativo.";"Negozio inventato da Joyce e privo di numero civico. Il riferimento indica il lato della strada ricostruito da Gunn e Hart, non un esercizio identificato.";"https://riverrun.org.uk/JJD2.pdf";"https://riverrun.org.uk/JJD2.pdf";"2026-10-07"
"george";"St George’s Church";"Hardwicke Place";"53.35734";"-6.26276";"Edificio o monumento censito";"4, 17";"Coordinate WGS84 del punto censito dal NIAH. Identificano l’edificio o il monumento, senza certificare l’ingresso o la posizione del personaggio.";"Le campane scandiscono l’inizio della giornata e la conclusione del ritorno.";"https://riverrun.org.uk/JJD2.pdf";"https://www.buildingsofireland.ie/niah/search.jsp?type=record&county=DU&regno=50010878";"2026-10-07"
"quay";"Sir John Rogerson’s Quay";"Presso Lime Street";"53.34685";"-6.2409";"Tratto di strada · punto di riferimento";"5";"Posizione riportata sulla geografia moderna dalla carta storica; non è una misura dell’edificio o dei movimenti dei personaggi. La coordinata è un riferimento orientativo.";"Bloom procede lungo il molo verso est. Il punto serve da riferimento per il tratto iniziale.";"https://riverrun.org.uk/JJD2.pdf";"https://riverrun.org.uk/JJD2.pdf";"2026-10-07"
"lime";"Lime Street";"Dal molo a Hanover Street";"53.3455";"-6.2406";"Tratto di strada · punto di riferimento";"5";"Posizione riportata sulla geografia moderna dalla carta storica; non è una misura dell’edificio o dei movimenti dei personaggi. La coordinata è un riferimento orientativo.";"Bloom lascia il lungofiume e si dirige verso sud.";"https://riverrun.org.uk/JJD2.pdf";"https://riverrun.org.uk/JJD2.pdf";"2026-10-07"
"hanover";"Hanover Street East";"Verso Lombard Street East";"53.34485";"-6.2425";"Tratto di strada · punto di riferimento";"5";"Posizione riportata sulla geografia moderna dalla carta storica; non è una misura dell’edificio o dei movimenti dei personaggi. La coordinata è un riferimento orientativo.";"Tratto della deviazione verso ovest.";"https://riverrun.org.uk/JJD2.pdf";"https://riverrun.org.uk/JJD2.pdf";"2026-10-07"
"lombard";"Lombard Street East";"Incrocio con Townsend Street";"53.3452";"-6.247";"Tratto di strada · punto di riferimento";"5";"Posizione riportata sulla geografia moderna dalla carta storica; non è una misura dell’edificio o dei movimenti dei personaggi. La coordinata è un riferimento orientativo.";"Bloom attraversa sul lato occidentale prima di scendere verso Westland Row.";"https://riverrun.org.uk/JJD2.pdf";"https://riverrun.org.uk/JJD2.pdf";"2026-10-07"
"post";"Ufficio postale di Westland Row";"49–50 Westland Row, nel 1904";"53.34355";"-6.24967";"Indirizzo storico localizzato";"5";"Posizione riportata sulla geografia moderna dalla carta storica; non è una misura dell’edificio o dei movimenti dei personaggi. La coordinata è un riferimento orientativo.";"Qui ritira la lettera per Henry Flower. Posizione storica a nord di St Andrew’s, presso Pearse Street; il fabbricato del 1904 richiede una georeferenziazione catastale ulteriore. Non è il GPO di O’Connell Street.";"https://riverrun.org.uk/JJD2.pdf";"https://riverrun.org.uk/JJD2.pdf";"2026-10-07"
"pearse";"Great Brunswick Street";"Oggi Pearse Street, presso Westland Row";"53.3438";"-6.2495";"Tratto di strada · punto di riferimento";"5";"Posizione riportata sulla geografia moderna dalla carta storica; non è una misura dell’edificio o dei movimenti dei personaggi. La coordinata è un riferimento orientativo.";"Bloom torna verso Great Brunswick Street e aggira la chiesa.";"https://riverrun.org.uk/JJD2.pdf";"https://riverrun.org.uk/JJD2.pdf";"2026-10-07"
"cumberland";"Cumberland Street South";"Ingresso posteriore della chiesa";"53.3431";"-6.2478";"Tratto di strada · punto di riferimento";"5";"Posizione riportata sulla geografia moderna dalla carta storica; non è una misura dell’edificio o dei movimenti dei personaggi. La coordinata è un riferimento orientativo.";"Tratto della deviazione prima della funzione religiosa.";"https://riverrun.org.uk/JJD2.pdf";"https://riverrun.org.uk/JJD2.pdf";"2026-10-07"
"andrew";"All Hallows / St Andrew’s";"47–48 Westland Row";"53.343099";"-6.249051";"Edificio o monumento censito";"5";"Coordinate WGS84 del punto censito dal NIAH. Identificano l’edificio o il monumento, senza certificare l’ingresso o la posizione del personaggio.";"La chiesa del romanzo è St Andrew’s, chiamata All Hallows da Joyce. Bloom entra dalla parte posteriore.";"https://riverrun.org.uk/JJD2.pdf";"https://www.buildingsofireland.ie/niah/search.jsp?type=record&county=DU&regno=50930336";"2026-10-07"
"sweny";"Sweny’s Pharmacy";"1 Lincoln Place";"53.341865";"-6.250559";"Edificio o monumento censito";"5";"Coordinate WGS84 del punto censito dal NIAH. Identificano l’edificio o il monumento, senza certificare l’ingresso o la posizione del personaggio.";"L’edificio dell’ex farmacia è censito dal NIAH. Bloom compra qui la saponetta al limone.";"https://riverrun.org.uk/JJD2.pdf";"https://www.buildingsofireland.ie/niah/search.jsp?type=record&county=DU&regno=50020449";"2026-10-07"
"conway";"Il pub di Conway";"31–32 Westland Row";"53.342173";"-6.250764";"Indirizzo storico localizzato";"5";"L’indirizzo del 1904 è riferito all’edificio o al lotto censito oggi con lo stesso numero. Gli interni e l’attività storica non sono ricostruiti.";"Indirizzo storico oggi occupato da Kennedy’s. Bantam Lyons torna verso questo pub.";"https://riverrun.org.uk/JJD2.pdf";"https://www.buildingsofireland.ie/niah/search.jsp?type=record&county=DU&regno=50020447";"2026-10-07"
"baths";"Turkish and Warm Baths";"11 Leinster Street, nel 1904";"53.34165";"-6.2534";"Indirizzo storico localizzato";"5";"Posizione riportata sulla geografia moderna dalla carta storica; non è una misura dell’edificio o dei movimenti dei personaggi. La coordinata è un riferimento orientativo.";"Destinazione indicata retrospettivamente in Itaca. Lotofagi si chiude prima dell’arrivo; Gunn e Hart discutono l’alternativa dei bagni di Lincoln Place. Sito orientativo.";"https://riverrun.org.uk/JJD2.pdf";"https://riverrun.org.uk/JJD2.pdf";"2026-10-07"
"dignam";"La casa di Paddy Dignam";"9 Newbridge Avenue";"53.335502";"-6.223457";"Indirizzo storico localizzato";"6";"Posizione riportata sulla geografia moderna dalla carta storica; non è una misura dell’edificio o dei movimenti dei personaggi. La coordinata è un riferimento orientativo.";"L’indirizzo è esplicito nel romanzo. Il punto deriva da una ricognizione pubblicata sul posto; non da un rilievo catastale. Le versioni precedenti del testo indicavano il numero 10, sull’altro lato.";"https://riverrun.org.uk/JJD2.pdf";"https://www.tedz.eu/view.php?mdfile=20250609_041622.md";"2026-10-07"
"triton";"Tritonville Road";"Corteo funebre verso Irishtown";"53.337";"-6.2218";"Tratto di strada · punto di riferimento";"6";"Posizione riportata sulla geografia moderna dalla carta storica; non è una misura dell’edificio o dei movimenti dei personaggi. La coordinata è un riferimento orientativo.";"Posizione riportata sulla geografia moderna dalla carta storica; non è una misura dell’edificio o dei movimenti dei personaggi. La coordinata è un riferimento orientativo.";"https://riverrun.org.uk/JJD2.pdf";"https://riverrun.org.uk/JJD2.pdf";"2026-10-07"
"london";"Londonbridge Road";"Verso il Dodder";"53.3376";"-6.226";"Tratto di strada · punto di riferimento";"6";"Posizione riportata sulla geografia moderna dalla carta storica; non è una misura dell’edificio o dei movimenti dei personaggi. La coordinata è un riferimento orientativo.";"Posizione riportata sulla geografia moderna dalla carta storica; non è una misura dell’edificio o dei movimenti dei personaggi. La coordinata è un riferimento orientativo.";"https://riverrun.org.uk/JJD2.pdf";"https://riverrun.org.uk/JJD2.pdf";"2026-10-07"
"irishtown";"Irishtown Road";"Presso Watery Lane";"53.34";"-6.2254";"Tratto di strada · punto di riferimento";"6";"Posizione riportata sulla geografia moderna dalla carta storica; non è una misura dell’edificio o dei movimenti dei personaggi. La coordinata è un riferimento orientativo.";"Bloom vede Stephen nel tratto di Irishtown presso l’antica Watery Lane.";"https://riverrun.org.uk/JJD2.pdf";"https://riverrun.org.uk/JJD2.pdf";"2026-10-07"
"ringsend";"Ringsend Bridge";"Attraversamento del Dodder";"53.3419";"-6.227";"Tratto di strada · punto di riferimento";"6";"Posizione riportata sulla geografia moderna dalla carta storica; non è una misura dell’edificio o dei movimenti dei personaggi. La coordinata è un riferimento orientativo.";"Posizione riportata sulla geografia moderna dalla carta storica; non è una misura dell’edificio o dei movimenti dei personaggi. La coordinata è un riferimento orientativo.";"https://riverrun.org.uk/JJD2.pdf";"https://riverrun.org.uk/JJD2.pdf";"2026-10-07"
"canaldock";"Grand Canal Docks";"Ponte di Ringsend Road";"53.342";"-6.2353";"Tratto di strada · punto di riferimento";"6";"Posizione riportata sulla geografia moderna dalla carta storica; non è una misura dell’edificio o dei movimenti dei personaggi. La coordinata è un riferimento orientativo.";"Il corteo si arresta al ponte sul bacino, che nel 1904 poteva aprirsi per il passaggio delle imbarcazioni.";"https://riverrun.org.uk/JJD2.pdf";"https://riverrun.org.uk/JJD2.pdf";"2026-10-07"
"greatbrunswick";"Great Brunswick Street";"Oggi Pearse Street";"53.344";"-6.243";"Tratto di strada · punto di riferimento";"6";"Posizione riportata sulla geografia moderna dalla carta storica; non è una misura dell’edificio o dei movimenti dei personaggi. La coordinata è un riferimento orientativo.";"Posizione riportata sulla geografia moderna dalla carta storica; non è una misura dell’edificio o dei movimenti dei personaggi. La coordinata è un riferimento orientativo.";"https://riverrun.org.uk/JJD2.pdf";"https://riverrun.org.uk/JJD2.pdf";"2026-10-07"
"dolier";"D’Olier Street";"Verso O’Connell Bridge";"53.346528";"-6.257917";"Tratto di strada · punto di riferimento";"6";"Il punto NIAH di un edificio lungo la strada serve da riferimento cartografico al tratto attraversato. Non è una sosta del personaggio.";"Un edificio censito individua il tratto percorso dalla carrozza.";"https://riverrun.org.uk/JJD2.pdf";"https://www.buildingsofireland.ie/niah/search.jsp?type=record&county=DU&regno=50020282";"2026-10-07"
"ocbridge";"O’Connell Bridge";"Il ponte sul Liffey";"53.347275";"-6.2591";"Edificio o monumento censito";"6, 8";"Coordinate WGS84 del punto censito dal NIAH. Identificano l’edificio o il monumento, senza certificare l’ingresso o la posizione del personaggio.";"Il corteo attraversa il Liffey. Nei Lestrigoni Bloom osserva il fiume dal ponte.";"https://riverrun.org.uk/JJD2.pdf";"https://www.buildingsofireland.ie/niah/search.jsp?type=record&county=DU&regno=50060552";"2026-10-07"
"pillar";"Nelson’s Pillar";"Sito storico, oggi The Spire";"53.34981";"-6.26025";"Indirizzo storico localizzato";"6";"Posizione riportata sulla geografia moderna dalla carta storica; non è una misura dell’edificio o dei movimenti dei personaggi. La coordinata è un riferimento orientativo.";"La colonna è stata distrutta nel 1966. Il riferimento rappresenta il sito del monumento.";"https://riverrun.org.uk/JJD2.pdf";"https://riverrun.org.uk/JJD2.pdf";"2026-10-07"
"rotunda";"La Rotunda";"Rutland Square, oggi Parnell Square";"53.352111";"-6.262892";"Edificio o monumento censito";"6";"Coordinate WGS84 del punto censito dal NIAH. Identificano l’edificio o il monumento, senza certificare l’ingresso o la posizione del personaggio.";"La carrozza prosegue verso nord lungo il lato della Rotunda.";"https://riverrun.org.uk/JJD2.pdf";"https://www.buildingsofireland.ie/niah/search.jsp?type=record&county=DU&regno=50010621";"2026-10-07"
"frederick";"Frederick Street North";"Verso Blessington Street";"53.3548";"-6.2646";"Tratto di strada · punto di riferimento";"6";"Posizione riportata sulla geografia moderna dalla carta storica; non è una misura dell’edificio o dei movimenti dei personaggi. La coordinata è un riferimento orientativo.";"Posizione riportata sulla geografia moderna dalla carta storica; non è una misura dell’edificio o dei movimenti dei personaggi. La coordinata è un riferimento orientativo.";"https://riverrun.org.uk/JJD2.pdf";"https://riverrun.org.uk/JJD2.pdf";"2026-10-07"
"blessington";"Blessington Street";"Tratto orientale";"53.356599";"-6.266753";"Tratto di strada · punto di riferimento";"6";"Il punto NIAH di un edificio lungo la strada serve da riferimento cartografico al tratto attraversato. Non è una sosta del personaggio.";"Il punto NIAH di un edificio lungo la strada serve da riferimento cartografico al tratto attraversato. Non è una sosta del personaggio.";"https://riverrun.org.uk/JJD2.pdf";"https://www.buildingsofireland.ie/niah/search.jsp?type=record&county=DU&regno=50070432";"2026-10-07"
"berkeley";"Berkeley Road";"Il corteo svolta verso nord";"53.359157";"-6.270054";"Tratto di strada · punto di riferimento";"6";"Il punto NIAH di un edificio lungo la strada serve da riferimento cartografico al tratto attraversato. Non è una sosta del personaggio.";"Il punto NIAH di un edificio lungo la strada serve da riferimento cartografico al tratto attraversato. Non è una sosta del personaggio.";"https://riverrun.org.uk/JJD2.pdf";"https://www.buildingsofireland.ie/niah/search.jsp?type=record&county=DU&regno=50060272";"2026-10-07"
"circular";"North Circular Road";"Verso Phibsborough";"53.360816";"-6.270847";"Tratto di strada · punto di riferimento";"6";"Il punto NIAH di un edificio lungo la strada serve da riferimento cartografico al tratto attraversato. Non è una sosta del personaggio.";"Il punto NIAH di un edificio lungo la strada serve da riferimento cartografico al tratto attraversato. Non è una sosta del personaggio.";"https://riverrun.org.uk/JJD2.pdf";"https://www.buildingsofireland.ie/niah/search.jsp?type=record&county=DU&regno=50060232";"2026-10-07"
"crossguns";"Cross Guns Bridge";"Royal Canal / Phibsborough Road";"53.364342";"-6.271796";"Edificio o monumento censito";"6";"Coordinate WGS84 del punto censito dal NIAH. Identificano l’edificio o il monumento, senza certificare l’ingresso o la posizione del personaggio.";"Secondo canale attraversato dal corteo, prima di Prospect Avenue.";"https://riverrun.org.uk/JJD2.pdf";"https://www.buildingsofireland.ie/niah/search.jsp?type=record&county=DU&regno=50060185";"2026-10-07"
"prospect";"Prospect Avenue";"Verso Finglas Road";"53.3667";"-6.274";"Tratto di strada · punto di riferimento";"6";"Posizione riportata sulla geografia moderna dalla carta storica; non è una misura dell’edificio o dei movimenti dei personaggi. La coordinata è un riferimento orientativo.";"Posizione riportata sulla geografia moderna dalla carta storica; non è una misura dell’edificio o dei movimenti dei personaggi. La coordinata è un riferimento orientativo.";"https://riverrun.org.uk/JJD2.pdf";"https://riverrun.org.uk/JJD2.pdf";"2026-10-07"
"cemetery";"Ingresso di Glasnevin";"Finglas Road / Prospect Cemetery";"53.369787";"-6.277609";"Edificio o monumento censito";"6";"Coordinate WGS84 del punto censito dal NIAH. Identificano l’edificio o il monumento, senza certificare l’ingresso o la posizione del personaggio.";"Il punto censito identifica l’accesso al complesso del cimitero.";"https://riverrun.org.uk/JJD2.pdf";"https://www.buildingsofireland.ie/niah/search.jsp?type=record&county=DU&regno=50130070";"2026-10-07"
"chapel";"Cappella mortuaria";"Glasnevin Cemetery";"53.370364";"-6.277868";"Edificio o monumento censito";"6";"Coordinate WGS84 del punto censito dal NIAH. Identificano l’edificio o il monumento, senza certificare l’ingresso o la posizione del personaggio.";"Tappa della cerimonia; la tomba immaginaria di Dignam non ha un punto certificabile.";"https://riverrun.org.uk/JJD2.pdf";"https://www.buildingsofireland.ie/niah/search.jsp?type=record&county=DU&regno=50130075";"2026-10-07"
"crypt";"Monumento di O’Connell";"Glasnevin Cemetery";"53.370181";"-6.277139";"Edificio o monumento censito";"6";"Coordinate WGS84 del punto censito dal NIAH. Identificano l’edificio o il monumento, senza certificare l’ingresso o la posizione del personaggio.";"Riferimento del percorso interno al cimitero, distinto dal monumento in O’Connell Street.";"https://riverrun.org.uk/JJD2.pdf";"https://www.buildingsofireland.ie/niah/search.jsp?type=record&county=DU&regno=50130079";"2026-10-07"
"parnell";"Monumento di Parnell";"Glasnevin Cemetery";"53.37085";"-6.278708";"Edificio o monumento censito";"6";"Coordinate WGS84 del punto censito dal NIAH. Identificano l’edificio o il monumento, senza certificare l’ingresso o la posizione del personaggio.";"Hynes e Power si dirigono verso la tomba di Parnell.";"https://riverrun.org.uk/JJD2.pdf";"https://www.buildingsofireland.ie/niah/search.jsp?type=record&county=DU&regno=50130074";"2026-10-07"
"gpo";"General Post Office";"O’Connell Street";"53.349421";"-6.260307";"Edificio o monumento censito";"7";"Coordinate WGS84 del punto censito dal NIAH. Identificano l’edificio o il monumento, senza certificare l’ingresso o la posizione del personaggio.";"Il GPO compare in Eolo, nel contesto della redazione e del centro urbano.";"https://riverrun.org.uk/JJD2.pdf";"https://www.buildingsofireland.ie/niah/search.jsp?type=record&county=DU&regno=50010527";"2026-10-07"
"newspaper";"Freeman’s Journal / Evening Telegraph";"4–8 Prince’s Street, nel 1904";"53.349";"-6.2605";"Indirizzo storico localizzato";"7";"Posizione riportata sulla geografia moderna dalla carta storica; non è una misura dell’edificio o dei movimenti dei personaggi. La coordinata è un riferimento orientativo.";"Sito delle redazioni, sul lato sud della strada. Le distruzioni del 1916 e le ricostruzioni hanno modificato questo isolato.";"https://riverrun.org.uk/JJD2.pdf";"https://riverrun.org.uk/JJD2.pdf";"2026-10-07"
"dillon";"Dillon’s auctionrooms";"25 Bachelor’s Walk";"53.347301";"-6.260726";"Indirizzo storico localizzato";"7, 10";"L’indirizzo del 1904 è riferito all’edificio o al lotto censito oggi con lo stesso numero. Gli interni e l’attività storica non sono ricostruiti.";"Indirizzo delle sale d’asta, oggi lotto dell’Arlington Hotel. La continuità del numero non certifica l’edificio del 1904.";"https://riverrun.org.uk/JJD2.pdf";"https://www.buildingsofireland.ie/niah/search.jsp?type=record&county=DU&regno=50010328";"2026-10-07"
"mooney";"Mooney’s «en ville»";"1 Lower Abbey Street";"53.34856";"-6.2592";"Indirizzo storico localizzato";"7";"Posizione riportata sulla geografia moderna dalla carta storica; non è una misura dell’edificio o dei movimenti dei personaggi. La coordinata è un riferimento orientativo.";"Destinazione del gruppo alla fine di Eolo; area dell’indirizzo storico.";"https://riverrun.org.uk/JJD2.pdf";"https://riverrun.org.uk/JJD2.pdf";"2026-10-07"
"oconnell";"Graham Lemon’s";"49 Lower Sackville Street";"53.347979";"-6.259889";"Indirizzo storico localizzato";"8";"L’indirizzo del 1904 è riferito all’edificio o al lotto censito oggi con lo stesso numero. Gli interni e l’attività storica non sono ricostruiti.";"La passeggiata di Bloom comincia presso la confetteria, sull’attuale O’Connell Street.";"https://riverrun.org.uk/JJD2.pdf";"https://www.buildingsofireland.ie/niah/search.jsp?type=record&county=DU&regno=50010506";"2026-10-07"
"ballast";"Ballast Office";"Westmoreland Street, presso il ponte";"53.34695";"-6.2591";"Indirizzo storico localizzato";"8";"Posizione riportata sulla geografia moderna dalla carta storica; non è una misura dell’edificio o dei movimenti dei personaggi. La coordinata è un riferimento orientativo.";"Bloom guarda il segnale orario. L’edificio storico è scomparso; posizione di sito.";"https://riverrun.org.uk/JJD2.pdf";"https://riverrun.org.uk/JJD2.pdf";"2026-10-07"
"moore";"Statua di Thomas Moore";"College Street";"53.345192";"-6.258914";"Edificio o monumento censito";"8";"Coordinate WGS84 del punto censito dal NIAH. Identificano l’edificio o il monumento, senza certificare l’ingresso o la posizione del personaggio.";"Un riferimento del cammino nel centro.";"https://riverrun.org.uk/JJD2.pdf";"https://www.buildingsofireland.ie/niah/search.jsp?type=record&county=DU&regno=50020371";"2026-10-07"
"trinitygate";"Ingresso di Trinity College";"College Green";"53.344457";"-6.258953";"Edificio o monumento censito";"10";"Coordinate WGS84 del punto censito dal NIAH. Identificano l’edificio o il monumento, senza certificare l’ingresso o la posizione del personaggio.";"Qui Stephen incontra il maestro di canto Almidano Artifoni.";"https://riverrun.org.uk/JJD2.pdf";"https://www.buildingsofireland.ie/niah/search.jsp?type=record&county=DU&regno=50020376";"2026-10-07"
"provost";"Provost’s House";"1 Grafton Street";"53.343594";"-6.258711";"Edificio o monumento censito";"8";"Coordinate WGS84 del punto censito dal NIAH. Identificano l’edificio o il monumento, senza certificare l’ingresso o la posizione del personaggio.";"Bloom incontra A. E. presso la casa del provost.";"https://riverrun.org.uk/JJD2.pdf";"https://www.buildingsofireland.ie/niah/search.jsp?type=record&county=DU&regno=50020381";"2026-10-07"
"adam";"Adam Court";"La traversa di Grafton Street";"53.34291";"-6.2589";"Tratto di strada · punto di riferimento";"8";"Posizione riportata sulla geografia moderna dalla carta storica; non è una misura dell’edificio o dei movimenti dei personaggi. La coordinata è un riferimento orientativo.";"Bloom vede l’accesso al cortile e ricorda locali del centro.";"https://riverrun.org.uk/JJD2.pdf";"https://riverrun.org.uk/JJD2.pdf";"2026-10-07"
"burton";"Burton Restaurant";"18 Duke Street";"53.341803";"-6.258972";"Indirizzo storico localizzato";"8";"L’indirizzo del 1904 è riferito all’edificio o al lotto censito oggi con lo stesso numero. Gli interni e l’attività storica non sono ricostruiti.";"Bloom entra e riparte, disgustato dalle abitudini dei clienti.";"https://riverrun.org.uk/JJD2.pdf";"https://www.buildingsofireland.ie/niah/search.jsp?type=record&county=DU&regno=50100042";"2026-10-07"
"davy";"Davy Byrne’s";"21 Duke Street";"53.341853";"-6.259337";"Edificio o monumento censito";"8";"Coordinate WGS84 del punto censito dal NIAH. Identificano l’edificio o il monumento, senza certificare l’ingresso o la posizione del personaggio.";"Il pub del pranzo di Bloom: gorgonzola e Borgogna.";"https://riverrun.org.uk/JJD2.pdf";"https://www.buildingsofireland.ie/niah/search.jsp?type=record&county=DU&regno=50100039";"2026-10-07"
"dawson";"Dawson Street";"Dopo il pranzo";"53.341701";"-6.25834";"Tratto di strada · punto di riferimento";"8";"Il punto NIAH di un edificio lungo la strada serve da riferimento cartografico al tratto attraversato. Non è una sosta del personaggio.";"Il punto NIAH di un edificio lungo la strada serve da riferimento cartografico al tratto attraversato. Non è una sosta del personaggio.";"https://riverrun.org.uk/JJD2.pdf";"https://www.buildingsofireland.ie/niah/search.jsp?type=record&county=DU&regno=50100048";"2026-10-07"
"molesworth";"Molesworth Street";"Verso Kildare Street";"53.341112";"-6.256129";"Tratto di strada · punto di riferimento";"8";"Il punto NIAH di un edificio lungo la strada serve da riferimento cartografico al tratto attraversato. Non è una sosta del personaggio.";"Il punto NIAH di un edificio lungo la strada serve da riferimento cartografico al tratto attraversato. Non è una sosta del personaggio.";"https://riverrun.org.uk/JJD2.pdf";"https://www.buildingsofireland.ie/niah/search.jsp?type=record&county=DU&regno=50100106";"2026-10-07"
"freemasons";"Freemasons’ Hall";"17–18 Molesworth Street";"53.341087";"-6.255961";"Edificio o monumento censito";"8";"Coordinate WGS84 del punto censito dal NIAH. Identificano l’edificio o il monumento, senza certificare l’ingresso o la posizione del personaggio.";"Bloom passa presso la sede massonica.";"https://riverrun.org.uk/JJD2.pdf";"https://www.buildingsofireland.ie/niah/search.jsp?type=record&county=DU&regno=50100107";"2026-10-07"
"library";"National Library of Ireland";"Kildare Street";"53.341045";"-6.254515";"Edificio o monumento censito";"8, 9";"Coordinate WGS84 del punto censito dal NIAH. Identificano l’edificio o il monumento, senza certificare l’ingresso o la posizione del personaggio.";"Biblioteca della discussione shakespeariana. Il punto è l’edificio, non la stanza del dialogo.";"https://riverrun.org.uk/JJD2.pdf";"https://www.buildingsofireland.ie/niah/search.jsp?type=record&county=DU&regno=50100219";"2026-10-07"
"museum";"National Museum of Ireland";"Kildare Street";"53.340367";"-6.254868";"Edificio o monumento censito";"8";"Coordinate WGS84 del punto censito dal NIAH. Identificano l’edificio o il monumento, senza certificare l’ingresso o la posizione del personaggio.";"Bloom devia verso il museo per evitare Boylan alla fine dei Lestrigoni.";"https://riverrun.org.uk/JJD2.pdf";"https://www.buildingsofireland.ie/niah/search.jsp?type=record&county=DU&regno=50100222";"2026-10-07"
"gardiner";"Presbiterio di St Francis Xavier";"54 Upper Gardiner Street";"53.358133";"-6.260184";"Edificio o monumento censito";"10";"Coordinate WGS84 del punto censito dal NIAH. Identificano l’edificio o il monumento, senza certificare l’ingresso o la posizione del personaggio.";"Padre Conmee scende i gradini del presbiterio. Il censimento lo distingue dalla chiesa.";"https://riverrun.org.uk/JJD2.pdf";"https://www.buildingsofireland.ie/niah/search.jsp?type=record&county=DU&regno=50010877";"2026-10-07"
"aldborough";"Aldborough House";"Portland Row";"53.355152";"-6.248138";"Edificio o monumento censito";"10";"Coordinate WGS84 del punto censito dal NIAH. Identificano l’edificio o il monumento, senza certificare l’ingresso o la posizione del personaggio.";"Riferimento della passeggiata di Conmee verso North Strand.";"https://riverrun.org.uk/JJD2.pdf";"https://www.buildingsofireland.ie/niah/search.jsp?type=record&county=DU&regno=50010082";"2026-10-07"
"newcomen";"Newcomen Bridge";"North Strand / Royal Canal";"53.356532";"-6.244251";"Edificio o monumento censito";"10";"Coordinate WGS84 del punto censito dal NIAH. Identificano l’edificio o il monumento, senza certificare l’ingresso o la posizione del personaggio.";"Conmee sale sul tram di Dollymount.";"https://riverrun.org.uk/JJD2.pdf";"https://www.buildingsofireland.ie/niah/search.jsp?type=record&county=DU&regno=50010063";"2026-10-07"
"ivy";"Ivy Church / St Barnabas";"61 North Strand Road, nel 1904";"53.35856";"-6.241929";"Indirizzo storico localizzato";"10";"L’indirizzo del 1904 è riferito all’edificio o al lotto censito oggi con lo stesso numero. Gli interni e l’attività storica non sono ricostruiti.";"Edificio religioso incontrato nel tragitto in tram.";"https://riverrun.org.uk/JJD2.pdf";"https://www.buildingsofireland.ie/niah/search.jsp?type=record&county=DU&regno=50120235";"2026-10-07"
"annesley";"Annesley Bridge";"Attraversamento del Tolka";"53.360858";"-6.238719";"Edificio o monumento censito";"10";"Coordinate WGS84 del punto censito dal NIAH. Identificano l’edificio o il monumento, senza certificare l’ingresso o la posizione del personaggio.";"Riferimento del tragitto di Conmee, prima della discesa dal tram.";"https://riverrun.org.uk/JJD2.pdf";"https://www.buildingsofireland.ie/niah/search.jsp?type=record&county=DU&regno=50120203";"2026-10-07"
"howth";"Incrocio di Howth Road";"Conmee scende dal tram";"53.363";"-6.2345";"Tratto di strada · punto di riferimento";"10";"Posizione riportata sulla geografia moderna dalla carta storica; non è una misura dell’edificio o dei movimenti dei personaggi. La coordinata è un riferimento orientativo.";"Il cammino continua verso Malahide Road e Artane; il punto non localizza l’incontro finale nella campagna.";"https://riverrun.org.uk/JJD2.pdf";"https://riverrun.org.uk/JJD2.pdf";"2026-10-07"
"kelleher";"L’impresa di H. J. O’Neill";"164 North Strand Road, nel 1904";"53.3553";"-6.2458";"Indirizzo storico localizzato";"10";"Posizione riportata sulla geografia moderna dalla carta storica; non è una misura dell’edificio o dei movimenti dei personaggi. La coordinata è un riferimento orientativo.";"Corny Kelleher lavora presso l’impresa funebre. Sito orientativo: il lotto non è certificato.";"https://riverrun.org.uk/JJD2.pdf";"https://riverrun.org.uk/JJD2.pdf";"2026-10-07"
"grafton";"Thornton’s";"63 Grafton Street";"53.340677";"-6.260964";"Indirizzo storico localizzato";"10";"L’indirizzo del 1904 è riferito all’edificio o al lotto censito oggi con lo stesso numero. Gli interni e l’attività storica non sono ricostruiti.";"Boylan compra un regalo per Molly. Corretto l’indirizzo sulla parte meridionale della strada.";"https://riverrun.org.uk/JJD2.pdf";"https://www.buildingsofireland.ie/niah/search.jsp?type=record&county=DU&regno=50920061";"2026-10-07"
"dunne";"L’ufficio di Miss Dunne";"Possibile 15 D’Olier Street";"53.3462";"-6.2581";"Localizzazione incerta";"10";"Posizione riportata sulla geografia moderna dalla carta storica; non è una misura dell’edificio o dei movimenti dei personaggi. La coordinata è un riferimento orientativo.";"L’identificazione con The Advertising Co. è un’ipotesi di Gunn e Hart, non un indirizzo certo del testo.";"https://riverrun.org.uk/JJD2.pdf";"https://riverrun.org.uk/JJD2.pdf";"2026-10-07"
"abbey";"St Mary’s Abbey · sala capitolare";"Meetinghouse Lane";"53.347475";"-6.269304";"Edificio o monumento censito";"10";"Coordinate WGS84 del punto censito dal NIAH. Identificano l’edificio o il monumento, senza certificare l’ingresso o la posizione del personaggio.";"Ned Lambert accompagna il reverendo Love nella sala capitolare.";"https://riverrun.org.uk/JJD2.pdf";"https://www.buildingsofireland.ie/niah/search.jsp?type=record&county=DU&regno=50060660";"2026-10-07"
"crampton";"Crampton Court";"Rochford, Lenehan e M’Coy";"53.3445";"-6.2646";"Tratto di strada · punto di riferimento";"10";"Posizione riportata sulla geografia moderna dalla carta storica; non è una misura dell’edificio o dei movimenti dei personaggi. La coordinata è un riferimento orientativo.";"Punto di partenza della passeggiata di Lenehan e M’Coy.";"https://riverrun.org.uk/JJD2.pdf";"https://riverrun.org.uk/JJD2.pdf";"2026-10-07"
"merchants";"Merchants’ Arch";"Wellington Quay / Temple Bar";"53.345951";"-6.26281";"Edificio o monumento censito";"10, 11";"Coordinate WGS84 del punto censito dal NIAH. Identificano l’edificio o il monumento, senza certificare l’ingresso o la posizione del personaggio.";"Bloom è visto presso i libri. Gunn e Hart non identificano con certezza qui il prestito di Sweets of Sin.";"https://riverrun.org.uk/JJD2.pdf";"https://www.buildingsofireland.ie/niah/search.jsp?type=record&county=DU&regno=50020156";"2026-10-07"
"kernan";"Crimmins’s";"27–28 James’s Street";"53.342933";"-6.290972";"Indirizzo storico localizzato";"10";"L’indirizzo del 1904 è riferito all’edificio o al lotto censito oggi con lo stesso numero. Gli interni e l’attività storica non sono ricostruiti.";"Kernan lascia il commerciante e si dirige verso Watling Street.";"https://riverrun.org.uk/JJD2.pdf";"https://www.buildingsofireland.ie/niah/search.jsp?type=record&county=DU&regno=50080297";"2026-10-07"
"watling";"Watling Street";"Discesa verso il Liffey";"53.345";"-6.2846";"Tratto di strada · punto di riferimento";"10";"Posizione riportata sulla geografia moderna dalla carta storica; non è una misura dell’edificio o dei movimenti dei personaggi. La coordinata è un riferimento orientativo.";"Posizione riportata sulla geografia moderna dalla carta storica; non è una misura dell’edificio o dei movimenti dei personaggi. La coordinata è un riferimento orientativo.";"https://riverrun.org.uk/JJD2.pdf";"https://riverrun.org.uk/JJD2.pdf";"2026-10-07"
"bloody";"Bloody Bridge";"Oggi Rory O’More Bridge";"53.346746";"-6.284039";"Edificio o monumento censito";"10";"Coordinate WGS84 del punto censito dal NIAH. Identificano l’edificio o il monumento, senza certificare l’ingresso o la posizione del personaggio.";"Kernan attraversa il fiume dopo il passaggio del corteo vicereale.";"https://riverrun.org.uk/JJD2.pdf";"https://www.buildingsofireland.ie/niah/search.jsp?type=record&county=DU&regno=50060353";"2026-10-07"
"bedford";"Bedford Row";"Stephen e Dilly, presso Clohissey’s";"53.3461";"-6.2608";"Tratto di strada · punto di riferimento";"10";"Posizione riportata sulla geografia moderna dalla carta storica; non è una misura dell’edificio o dei movimenti dei personaggi. La coordinata è un riferimento orientativo.";"La libreria di Clohissey era ai numeri 10–11. Il punto rappresenta la strada, senza certificare il negozio.";"https://riverrun.org.uk/JJD2.pdf";"https://riverrun.org.uk/JJD2.pdf";"2026-10-07"
"reddy";"Reddy’s antiques";"19 Lower Ormond Quay, nel 1904";"53.34636";"-6.26565";"Indirizzo storico localizzato";"10";"Posizione riportata sulla geografia moderna dalla carta storica; non è una misura dell’edificio o dei movimenti dei personaggi. La coordinata è un riferimento orientativo.";"Martin Cunningham e i compagni compaiono presso l’antiquario. Posizione riportata dalla carta storica.";"https://riverrun.org.uk/JJD2.pdf";"https://riverrun.org.uk/JJD2.pdf";"2026-10-07"
"castle";"Castle Courtyard";"Dublin Castle";"53.343";"-6.267";"Area narrativa · centro orientativo";"10";"Posizione riportata sulla geografia moderna dalla carta storica; non è una misura dell’edificio o dei movimenti dei personaggi. La coordinata è un riferimento orientativo.";"Il cortile è una delle scene dell’episodio. Non si identifica il punto occupato dai personaggi.";"https://riverrun.org.uk/JJD2.pdf";"https://riverrun.org.uk/JJD2.pdf";"2026-10-07"
"bread";"Dublin Bread Company";"33 Dame Street, nel 1904";"53.34407";"-6.26328";"Indirizzo storico localizzato";"10";"Posizione riportata sulla geografia moderna dalla carta storica; non è una misura dell’edificio o dei movimenti dei personaggi. La coordinata è un riferimento orientativo.";"Haines e Mulligan si fermano al locale della DBC. Lotto storico orientativo.";"https://riverrun.org.uk/JJD2.pdf";"https://riverrun.org.uk/JJD2.pdf";"2026-10-07"
"merrion";"Merrion Square North";"Artifoni, Farrell e il corteo";"53.3401";"-6.2485";"Tratto di strada · punto di riferimento";"10";"Posizione riportata sulla geografia moderna dalla carta storica; non è una misura dell’edificio o dei movimenti dei personaggi. La coordinata è un riferimento orientativo.";"Posizione riportata sulla geografia moderna dalla carta storica; non è una misura dell’edificio o dei movimenti dei personaggi. La coordinata è un riferimento orientativo.";"https://riverrun.org.uk/JJD2.pdf";"https://riverrun.org.uk/JJD2.pdf";"2026-10-07"
"mangan";"Mangan’s";"1–2 William Street, nel 1904";"53.343";"-6.2624";"Indirizzo storico localizzato";"10";"Posizione riportata sulla geografia moderna dalla carta storica; non è una misura dell’edificio o dei movimenti dei personaggi. La coordinata è un riferimento orientativo.";"Il giovane Patrick Dignam compra le bistecche e torna verso Grafton Street. Sito di zona.";"https://riverrun.org.uk/JJD2.pdf";"https://riverrun.org.uk/JJD2.pdf";"2026-10-07"
"viceregal";"Viceregal Lodge";"Oggi Áras an Uachtaráin";"53.3596";"-6.3172";"Area narrativa · centro orientativo";"10";"Posizione riportata sulla geografia moderna dalla carta storica; non è una misura dell’edificio o dei movimenti dei personaggi. La coordinata è un riferimento orientativo.";"La partenza del corteo del viceré. Il punto rappresenta il complesso della residenza.";"https://riverrun.org.uk/JJD2.pdf";"https://riverrun.org.uk/JJD2.pdf";"2026-10-07"
"parkgate";"Park Gate";"Ingresso di Phoenix Park";"53.348";"-6.2937";"Tratto di strada · punto di riferimento";"10";"Posizione riportata sulla geografia moderna dalla carta storica; non è una misura dell’edificio o dei movimenti dei personaggi. La coordinata è un riferimento orientativo.";"Posizione riportata sulla geografia moderna dalla carta storica; non è una misura dell’edificio o dei movimenti dei personaggi. La coordinata è un riferimento orientativo.";"https://riverrun.org.uk/JJD2.pdf";"https://riverrun.org.uk/JJD2.pdf";"2026-10-07"
"kingsbridge";"King’s Bridge";"Oggi Seán Heuston Bridge";"53.347396";"-6.291824";"Edificio o monumento censito";"10";"Coordinate WGS84 del punto censito dal NIAH. Identificano l’edificio o il monumento, senza certificare l’ingresso o la posizione del personaggio.";"Il corteo scende sul lungofiume.";"https://riverrun.org.uk/JJD2.pdf";"https://www.buildingsofireland.ie/niah/search.jsp?type=record&county=DU&regno=50080033";"2026-10-07"
"fourcourts";"Four Courts";"Inns Quay";"53.34606";"-6.273443";"Edificio o monumento censito";"10";"Coordinate WGS84 del punto censito dal NIAH. Identificano l’edificio o il monumento, senza certificare l’ingresso o la posizione del personaggio.";"Il corteo passa davanti al complesso giudiziario.";"https://riverrun.org.uk/JJD2.pdf";"https://www.buildingsofireland.ie/niah/search.jsp?type=record&county=DU&regno=50070269";"2026-10-07"
"grattan";"Grattan / Essex Bridge";"Liffey / Capel Street";"53.345691";"-6.267734";"Edificio o monumento censito";"10, 11";"Coordinate WGS84 del punto censito dal NIAH. Identificano l’edificio o il monumento, senza certificare l’ingresso o la posizione del personaggio.";"Ponte attraversato dal corteo e da più personaggi.";"https://riverrun.org.uk/JJD2.pdf";"https://www.buildingsofireland.ie/niah/search.jsp?type=record&county=DU&regno=50060361";"2026-10-07"
"cityhall";"City Hall";"Cork Hill";"53.343848";"-6.267159";"Edificio o monumento censito";"10";"Coordinate WGS84 del punto censito dal NIAH. Identificano l’edificio o il monumento, senza certificare l’ingresso o la posizione del personaggio.";"Il corteo svolta dal lungofiume verso Dame Street.";"https://riverrun.org.uk/JJD2.pdf";"https://www.buildingsofireland.ie/niah/search.jsp?type=record&county=DU&regno=50910009";"2026-10-07"
"nassau";"Nassau Street";"Lato sud di Trinity College";"53.3429";"-6.2568";"Tratto di strada · punto di riferimento";"10";"Posizione riportata sulla geografia moderna dalla carta storica; non è una misura dell’edificio o dei movimenti dei personaggi. La coordinata è un riferimento orientativo.";"Posizione riportata sulla geografia moderna dalla carta storica; non è una misura dell’edificio o dei movimenti dei personaggi. La coordinata è un riferimento orientativo.";"https://riverrun.org.uk/JJD2.pdf";"https://riverrun.org.uk/JJD2.pdf";"2026-10-07"
"mountbridge";"Il ponte sul Grand Canal";"Lower Mount Street";"53.337541";"-6.24032";"Edificio o monumento censito";"10";"Coordinate WGS84 del punto censito dal NIAH. Identificano l’edificio o il monumento, senza certificare l’ingresso o la posizione del personaggio.";"Il corteo attraversa il Grand Canal, chiamato Royal Canal nella frase del romanzo.";"https://riverrun.org.uk/JJD2.pdf";"https://www.buildingsofireland.ie/niah/search.jsp?type=record&county=DU&regno=50100535";"2026-10-07"
"rds";"Royal Dublin Society";"Showgrounds, Ballsbridge";"53.3276";"-6.228";"Area narrativa · centro orientativo";"10";"Posizione riportata sulla geografia moderna dalla carta storica; non è una misura dell’edificio o dei movimenti dei personaggi. La coordinata è un riferimento orientativo.";"Destinazione del corteo, al bazaar. Il punto individua il complesso e non il padiglione del 1904.";"https://riverrun.org.uk/JJD2.pdf";"https://riverrun.org.uk/JJD2.pdf";"2026-10-07"
"ormond";"Ormond Hotel";"8 Upper Ormond Quay, nel 1904";"53.346058";"-6.268986";"Indirizzo storico localizzato";"10, 11";"L’indirizzo del 1904 è riferito all’edificio o al lotto censito oggi con lo stesso numero. Gli interni e l’attività storica non sono ricostruiti.";"Il NIAH registra l’albergo sul sito storico. La scheda descrive una fase precedente alle trasformazioni recenti: il punto non certifica lo stato attuale dell’hotel.";"https://riverrun.org.uk/JJD2.pdf";"https://www.buildingsofireland.ie/niah/search.jsp?type=record&county=DU&regno=50070289";"2026-10-07"
"wine";"Wine’s antiques";"35 Wellington Quay, nel 1904";"53.34577";"-6.26394";"Indirizzo storico localizzato";"11";"Posizione riportata sulla geografia moderna dalla carta storica; non è una misura dell’edificio o dei movimenti dei personaggi. La coordinata è un riferimento orientativo.";"Sito storico ricostruito presso il lotto 36 censito dal NIAH. Il punto non certifica l’edificio al numero 35.";"https://riverrun.org.uk/JJD2.pdf";"https://riverrun.org.uk/JJD2.pdf";"2026-10-07"
"clarence";"Clarence Hotel";"6–7 Wellington Quay";"53.345348";"-6.266711";"Edificio o monumento censito";"11";"Coordinate WGS84 del punto censito dal NIAH. Identificano l’edificio o il monumento, senza certificare l’ingresso o la posizione del personaggio.";"Bloom prosegue verso Essex Bridge. Il punto NIAH riguarda il complesso dell’albergo.";"https://riverrun.org.uk/JJD2.pdf";"https://www.buildingsofireland.ie/niah/search.jsp?type=record&county=DU&regno=50020034";"2026-10-07"
"kiernan";"Il pub di Barney Kiernan";"8–10 Little Britain Street";"53.3491";"-6.2707";"Indirizzo storico localizzato";"12";"Posizione riportata sulla geografia moderna dalla carta storica; non è una misura dell’edificio o dei movimenti dei personaggi. La coordinata è un riferimento orientativo.";"Il pub è scomparso. Il sito è ricostruito sulla carta storica, nel tratto vicino al tribunale; non corrisponde a un’attività odierna.";"https://riverrun.org.uk/JJD2.pdf";"https://riverrun.org.uk/JJD2.pdf";"2026-10-07"
"stoney";"Stoneybatter";"L’incontro del narratore con Joe Hynes";"53.350665";"-6.281778";"Tratto di strada · punto di riferimento";"12";"Il punto NIAH di un edificio lungo la strada serve da riferimento cartografico al tratto attraversato. Non è una sosta del personaggio.";"Il narratore e Joe si avviano verso il pub; il punto rappresenta il tratto della strada.";"https://riverrun.org.uk/JJD2.pdf";"https://www.buildingsofireland.ie/niah/search.jsp?type=record&county=DU&regno=50070188";"2026-10-07"
"green";"Green Street Courthouse";"Green Street";"53.349773";"-6.270856";"Edificio o monumento censito";"12";"Coordinate WGS84 del punto censito dal NIAH. Identificano l’edificio o il monumento, senza certificare l’ingresso o la posizione del personaggio.";"Area dei discorsi sul processo; Bloom viene cercato nel quartiere del tribunale.";"https://riverrun.org.uk/JJD2.pdf";"https://www.buildingsofireland.ie/niah/search.jsp?type=record&county=DU&regno=50070300";"2026-10-07"
"hospital";"National Maternity Hospital";"29–31 Holles Street, nel 1904";"53.340221";"-6.246027";"Edificio o monumento censito";"14";"Coordinate WGS84 del punto censito dal NIAH. Identificano l’edificio o il monumento, senza certificare l’ingresso o la posizione del personaggio.";"L’indirizzo dell’ospedale storico è Holles Street. Il punto NIAH riguarda il complesso; non localizza la stanza dei medici.";"https://riverrun.org.uk/JJD2.pdf";"https://www.buildingsofireland.ie/niah/search.jsp?type=record&county=DU&regno=50100347";"2026-10-07"
"burke";"Burke’s pub";"17 Holles Street, nel 1904";"53.3413";"-6.2461";"Indirizzo storico localizzato";"14";"Posizione riportata sulla geografia moderna dalla carta storica; non è una misura dell’edificio o dei movimenti dei personaggi. La coordinata è un riferimento orientativo.";"Il gruppo si reca al pub dopo l’ospedale. Punto storico orientativo presso Fenian Street.";"https://riverrun.org.uk/JJD2.pdf";"https://riverrun.org.uk/JJD2.pdf";"2026-10-07"
"denzille";"Denzille Lane";"Oggi Denzille Lane";"53.3417";"-6.247";"Tratto di strada · punto di riferimento";"14";"Posizione riportata sulla geografia moderna dalla carta storica; non è una misura dell’edificio o dei movimenti dei personaggi. La coordinata è un riferimento orientativo.";"Stephen e Lynch prendono la strada verso la stazione; Bloom li segue.";"https://riverrun.org.uk/JJD2.pdf";"https://riverrun.org.uk/JJD2.pdf";"2026-10-07"
"station";"Westland Row Station";"Oggi Pearse Station";"53.343324";"-6.248344";"Edificio o monumento censito";"15";"Coordinate WGS84 del punto censito dal NIAH. Identificano l’edificio o il monumento, senza certificare l’ingresso o la posizione del personaggio.";"Stazione della traversata ferroviaria verso Amiens Street. Il viaggio fra i capitoli è ricostruito dagli studiosi.";"https://riverrun.org.uk/JJD2.pdf";"https://www.buildingsofireland.ie/niah/search.jsp?type=record&county=DU&regno=50930337";"2026-10-07"
"amiens";"Amiens Street Station";"Oggi Connolly Station";"53.351486";"-6.249716";"Edificio o monumento censito";"15, 16";"Coordinate WGS84 del punto censito dal NIAH. Identificano l’edificio o il monumento, senza certificare l’ingresso o la posizione del personaggio.";"Il punto censito identifica la stazione presso Talbot Street.";"https://riverrun.org.uk/JJD2.pdf";"https://www.buildingsofireland.ie/niah/search.jsp?type=record&county=DU&regno=50010119";"2026-10-07"
"talbot";"Talbot Street";"Verso Mabbot Street";"53.3512";"-6.2516";"Tratto di strada · punto di riferimento";"15";"Posizione riportata sulla geografia moderna dalla carta storica; non è una misura dell’edificio o dei movimenti dei personaggi. La coordinata è un riferimento orientativo.";"Posizione riportata sulla geografia moderna dalla carta storica; non è una misura dell’edificio o dei movimenti dei personaggi. La coordinata è un riferimento orientativo.";"https://riverrun.org.uk/JJD2.pdf";"https://riverrun.org.uk/JJD2.pdf";"2026-10-07"
"nighttown";"Ingresso di Nighttown";"Mabbot Street, oggi James Joyce Street";"53.35118";"-6.25321";"Indirizzo storico localizzato";"15";"Posizione riportata sulla geografia moderna dalla carta storica; non è una misura dell’edificio o dei movimenti dei personaggi. La coordinata è un riferimento orientativo.";"Ingresso del quartiere di Monto dalla parte di Talbot Street. Le vie odierne sono profondamente trasformate.";"https://riverrun.org.uk/JJD2.pdf";"https://riverrun.org.uk/JJD2.pdf";"2026-10-07"
"bella";"La casa di Bella Cohen";"82 Lower Tyrone Street, oggi Railway Street";"53.35346";"-6.2506";"Indirizzo storico localizzato";"15";"Posizione riportata sulla geografia moderna dalla carta storica; non è una misura dell’edificio o dei movimenti dei personaggi. La coordinata è un riferimento orientativo.";"Indirizzo storico: 82; Circe dice 81 e Itaca 82. La collocazione nella strada è orientativa e non identifica un edificio conservato.";"https://riverrun.org.uk/JJD2.pdf";"https://riverrun.org.uk/JJD2.pdf";"2026-10-07"
"beaver";"Beaver Street";"La colluttazione con i soldati";"53.353";"-6.2495";"Area narrativa · centro orientativo";"15, 16";"Posizione riportata sulla geografia moderna dalla carta storica; non è una misura dell’edificio o dei movimenti dei personaggi. La coordinata è un riferimento orientativo.";"Stephen cade dopo lo scontro; il punto individua un’area storica, senza pretendere di localizzare la caduta.";"https://riverrun.org.uk/JJD2.pdf";"https://riverrun.org.uk/JJD2.pdf";"2026-10-07"
"foley";"Montgomery Street";"Oggi Foley Street";"53.3521";"-6.2511";"Tratto di strada · punto di riferimento";"16";"Posizione riportata sulla geografia moderna dalla carta storica; non è una misura dell’edificio o dei movimenti dei personaggi. La coordinata è un riferimento orientativo.";"Tratto del ritorno di Bloom e Stephen da Nighttown.";"https://riverrun.org.uk/JJD2.pdf";"https://riverrun.org.uk/JJD2.pdf";"2026-10-07"
"shelter";"Il rifugio dei vetturini";"Butt Bridge / Loopline";"53.34805";"-6.2545";"Indirizzo storico localizzato";"16, 17";"Posizione riportata sulla geografia moderna dalla carta storica; non è una misura dell’edificio o dei movimenti dei personaggi. La coordinata è un riferimento orientativo.";"La struttura non esiste più. Il punto rappresenta il sito tra Beresford Place e il ponte ferroviario, non una costruzione odierna.";"https://riverrun.org.uk/JJD2.pdf";"https://riverrun.org.uk/JJD2.pdf";"2026-10-07"
"beresford";"Beresford Place";"Ritorno verso Gardiner Street";"53.348561";"-6.255137";"Tratto di strada · punto di riferimento";"17";"Il punto NIAH di un edificio lungo la strada serve da riferimento cartografico al tratto attraversato. Non è una sosta del personaggio.";"Il punto NIAH di un edificio lungo la strada serve da riferimento cartografico al tratto attraversato. Non è una sosta del personaggio.";"https://riverrun.org.uk/JJD2.pdf";"https://www.buildingsofireland.ie/niah/search.jsp?type=record&county=DU&regno=50010301";"2026-10-07"
"lowergardiner";"Lower Gardiner Street";"Dal rifugio verso casa";"53.352001";"-6.255059";"Tratto di strada · punto di riferimento";"17";"Il punto NIAH di un edificio lungo la strada serve da riferimento cartografico al tratto attraversato. Non è una sosta del personaggio.";"Il punto NIAH di un edificio lungo la strada serve da riferimento cartografico al tratto attraversato. Non è una sosta del personaggio.";"https://riverrun.org.uk/JJD2.pdf";"https://www.buildingsofireland.ie/niah/search.jsp?type=record&county=DU&regno=50010185";"2026-10-07"
"middlegardiner";"Middle Gardiner Street";"Proseguendo verso Mountjoy Square";"53.3544";"-6.2571";"Tratto di strada · punto di riferimento";"17";"Posizione riportata sulla geografia moderna dalla carta storica; non è una misura dell’edificio o dei movimenti dei personaggi. La coordinata è un riferimento orientativo.";"Posizione riportata sulla geografia moderna dalla carta storica; non è una misura dell’edificio o dei movimenti dei personaggi. La coordinata è un riferimento orientativo.";"https://riverrun.org.uk/JJD2.pdf";"https://riverrun.org.uk/JJD2.pdf";"2026-10-07"
"mountjoy";"Mountjoy Square West";"Lato occidentale della piazza";"53.356384";"-6.258954";"Tratto di strada · punto di riferimento";"17";"Il punto NIAH di un edificio lungo la strada serve da riferimento cartografico al tratto attraversato. Non è una sosta del personaggio.";"Il punto NIAH di un edificio lungo la strada serve da riferimento cartografico al tratto attraversato. Non è una sosta del personaggio.";"https://riverrun.org.uk/JJD2.pdf";"https://www.buildingsofireland.ie/niah/search.jsp?type=record&county=DU&regno=50010950";"2026-10-07"
"gardinerplace";"Gardiner Place";"Verso Temple Street";"53.3564";"-6.260137";"Tratto di strada · punto di riferimento";"17";"Il punto NIAH di un edificio lungo la strada serve da riferimento cartografico al tratto attraversato. Non è una sosta del personaggio.";"Il punto NIAH di un edificio lungo la strada serve da riferimento cartografico al tratto attraversato. Non è una sosta del personaggio.";"https://riverrun.org.uk/JJD2.pdf";"https://www.buildingsofireland.ie/niah/search.jsp?type=record&county=DU&regno=50010863";"2026-10-07"
"temple";"Temple Street North";"Verso Hardwicke Place";"53.35675";"-6.2614";"Tratto di strada · punto di riferimento";"17";"Posizione riportata sulla geografia moderna dalla carta storica; non è una misura dell’edificio o dei movimenti dei personaggi. La coordinata è un riferimento orientativo.";"Posizione riportata sulla geografia moderna dalla carta storica; non è una misura dell’edificio o dei movimenti dei personaggi. La coordinata è un riferimento orientativo.";"https://riverrun.org.uk/JJD2.pdf";"https://riverrun.org.uk/JJD2.pdf";"2026-10-07"