"chapter","chapter_title","place_id","place","role","latitude","longitude","precision","narrative_url","coordinate_url","original_english_excerpt"
"1","Présages","manhattan","Manhattan","Cadre du récit / région de navigation","40.728333333333","-73.994166666667","area","https://www.gutenberg.org/files/2701/2701-h/2701-h.htm#link2HCH0001","https://www.wikidata.org/wiki/Q11299","other, cherish very nearly the same feelings towards the ocean with me. There now is your insular city of the Manhattoes, belted round by wharves as Indian isles by coral reefs—commerce surrounds it with her surf. Right and left, the streets take you waterward. Its extreme downtown is the "
"1","Présages","battery","The Battery","Cadre du récit / région de navigation","40.70361111111111","-74.01611111111112","area","https://www.gutenberg.org/files/2701/2701-h/2701-h.htm#link2HCH0001","https://www.wikidata.org/wiki/Q13689","—commerce surrounds it with her surf. Right and left, the streets take you waterward. Its extreme downtown is the battery, where that noble mole is washed by waves, and cooled by breezes, which a few hours previous were out of sight of land. Look at the crowds of water-gazers there. Circuma"
"1","Présages","corlears","Corlears Hook Park","Cadre du récit / région de navigation","40.7120985","-73.979982","area","https://www.gutenberg.org/files/2701/2701-h/2701-h.htm#link2HCH0001","https://geocode.arcgis.com/arcgis/rest/services/World/GeocodeServer/findAddressCandidates?f=json&outSR=4326&outFields=*&SingleLine=Corlears%20Hook%20Park%2C%20Manhattan%2C%20New%20York","and. Look at the crowds of water-gazers there. Circumambulate the city of a dreamy Sabbath afternoon. Go from Corlears Hook to Coenties Slip, and from thence, by Whitehall, northward. What do you see?—Posted like silent sentinels all around the town, stand thousands upon thousands of mortal m"
"1","Présages","coenties","Coenties Slip","Cadre du récit / région de navigation","40.703477777778","-74.010458333333","street","https://www.gutenberg.org/files/2701/2701-h/2701-h.htm#link2HCH0001","https://www.wikidata.org/wiki/Q5140796","crowds of water-gazers there. Circumambulate the city of a dreamy Sabbath afternoon. Go from Corlears Hook to Coenties Slip, and from thence, by Whitehall, northward. What do you see?—Posted like silent sentinels all around the town, stand thousands upon thousands of mortal men fixed in ocean"
"1","Présages","whitehall","Whitehall Street","Cadre du récit / région de navigation","40.702645","-74.012892","street","https://www.gutenberg.org/files/2701/2701-h/2701-h.htm#link2HCH0001","https://www.wikidata.org/wiki/Q7995998","mambulate the city of a dreamy Sabbath afternoon. Go from Corlears Hook to Coenties Slip, and from thence, by Whitehall, northward. What do you see?—Posted like silent sentinels all around the town, stand thousands upon thousands of mortal men fixed in ocean reveries. Some leaning against"
"2","Le sac de voyage","manhattan","Manhattan","Voyage remémoré ou récit enchâssé","40.728333333333","-73.994166666667","area","https://www.gutenberg.org/files/2701/2701-h/2701-h.htm#link2HCH0002","https://www.wikidata.org/wiki/Q11299"," carpet-bag, tucked it under my arm, and started for Cape Horn and the Pacific. Quitting the good city of old Manhatto, I duly arrived in New Bedford. It was a Saturday night in December. Much was I disappointed upon learning that the little packet for Nantucket had already sailed, and t"
"2","Le sac de voyage","new-bedford","New Bedford, Massachusetts","Cadre du récit / région de navigation","41.636111111111","-70.934722222222","area","https://www.gutenberg.org/files/2701/2701-h/2701-h.htm#link2HCH0002","https://www.wikidata.org/wiki/Q49147"," my arm, and started for Cape Horn and the Pacific. Quitting the good city of old Manhatto, I duly arrived in New Bedford. It was a Saturday night in December. Much was I disappointed upon learning that the little packet for Nantucket had already sailed, and that no way of reaching that pla"
"2","Le sac de voyage","","Crossed Harpoons","Lieu fictif ; aucune adresse réelle vérifiée.","","","unlocated","https://www.gutenberg.org/files/2701/2701-h/2701-h.htm#link2HCH0002","","cular. With halting steps I paced the streets, and passed the sign of ”The Crossed Harpoons”—but it looked too expensive and jolly there. Further on, from the bright red windows of the ”Sword-Fish Inn,” there came such fervent rays, that it "
"2","Le sac de voyage","","Sword-Fish Inn","Lieu fictif ; aucune adresse réelle vérifiée.","","","unlocated","https://www.gutenberg.org/files/2701/2701-h/2701-h.htm#link2HCH0002","","expensive and jolly there. Further on, from the bright red windows of the ”Sword-Fish Inn,” there came such fervent rays, that it seemed to have melted the packed snow and ice from before the house, for everywhere else the congealed fr"
"2","Le sac de voyage","","The Trap","Coordonnées omises : le texte ne permet pas d’identifier un point unique.","","","unlocated","https://www.gutenberg.org/files/2701/2701-h/2701-h.htm#link2HCH0002","","sed Harpoons,” and ”The Sword-Fish?”—this, then must needs be the sign of ”The Trap.” However, I picked myself up and hearing a loud voice within, pushed on and opened a second, interior door. It seemed the great Black Parliament sit"
"3","L’auberge du Jet","new-bedford","New Bedford, Massachusetts","Cadre du récit / région de navigation","41.636111111111","-70.934722222222","area","https://www.gutenberg.org/files/2701/2701-h/2701-h.htm#link2HCH0002","https://www.wikidata.org/wiki/Q49147"," my arm, and started for Cape Horn and the Pacific. Quitting the good city of old Manhatto, I duly arrived in New Bedford. It was a Saturday night in December. Much was I disappointed upon learning that the little packet for Nantucket had already sailed, and that no way of reaching that pla"
"3","L’auberge du Jet","","Spouter-Inn","Lieu fictif ; aucune adresse réelle vérifiée.","","","unlocated","https://www.gutenberg.org/files/2701/2701-h/2701-h.htm#link2HCH0003","","Entering that gable-ended Spouter-Inn, you found yourself in a wide, low, straggling entry with old-fashioned wainscots, reminding one of the bulwarks of some condemned old craft. On one "
"4","Le couvre-lit","new-bedford","New Bedford, Massachusetts","Cadre du récit / région de navigation","41.636111111111","-70.934722222222","area","https://www.gutenberg.org/files/2701/2701-h/2701-h.htm#link2HCH0002","https://www.wikidata.org/wiki/Q49147"," my arm, and started for Cape Horn and the Pacific. Quitting the good city of old Manhatto, I duly arrived in New Bedford. It was a Saturday night in December. Much was I disappointed upon learning that the little packet for Nantucket had already sailed, and that no way of reaching that pla"
"5","Le petit déjeuner","new-bedford","New Bedford, Massachusetts","Cadre du récit / région de navigation","41.636111111111","-70.934722222222","area","https://www.gutenberg.org/files/2701/2701-h/2701-h.htm#link2HCH0002","https://www.wikidata.org/wiki/Q49147"," my arm, and started for Cape Horn and the Pacific. Quitting the good city of old Manhatto, I duly arrived in New Bedford. It was a Saturday night in December. Much was I disappointed upon learning that the little packet for Nantucket had already sailed, and that no way of reaching that pla"
"6","La rue","new-bedford","New Bedford, Massachusetts","Cadre du récit / région de navigation","41.636111111111","-70.934722222222","area","https://www.gutenberg.org/files/2701/2701-h/2701-h.htm#link2HCH0006","https://www.wikidata.org/wiki/Q49147","a civilized town, that astonishment soon departed upon taking my first daylight stroll through the streets of New Bedford. In thoroughfares nigh the docks, any considerable seaport will frequently offer to view the queerest looking nondescripts from foreign parts. Even in Broadway and Chest"
"7","La chapelle","bethel","Seamen's Bethel","Modèle littéraire documenté","41.635556","-70.923889","uncertain","https://www.gutenberg.org/files/2701/2701-h/2701-h.htm#link2HCH0007","https://www.wikidata.org/wiki/Q7440705","In this same New Bedford there stands a Whaleman’s Chapel, and few are the moody fishermen, shortly bound for the Indian Ocean or Pacific, who fail to make a Sunday visit to the spot. I am sure that I did not. Returning from my"
"8","La chaire","bethel","Seamen's Bethel","Modèle littéraire documenté","41.635556","-70.923889","uncertain","https://www.gutenberg.org/files/2701/2701-h/2701-h.htm#link2HCH0007","https://www.wikidata.org/wiki/Q7440705","In this same New Bedford there stands a Whaleman’s Chapel, and few are the moody fishermen, shortly bound for the Indian Ocean or Pacific, who fail to make a Sunday visit to the spot. I am sure that I did not. Returning from my"
"9","Le sermon","bethel","Seamen's Bethel","Modèle littéraire documenté","41.635556","-70.923889","uncertain","https://www.gutenberg.org/files/2701/2701-h/2701-h.htm#link2HCH0007","https://www.wikidata.org/wiki/Q7440705","In this same New Bedford there stands a Whaleman’s Chapel, and few are the moody fishermen, shortly bound for the Indian Ocean or Pacific, who fail to make a Sunday visit to the spot. I am sure that I did not. Returning from my"
"10","Un ami intime","new-bedford","New Bedford, Massachusetts","Cadre du récit / région de navigation","41.636111111111","-70.934722222222","area","https://www.gutenberg.org/files/2701/2701-h/2701-h.htm#link2HCH0002","https://www.wikidata.org/wiki/Q49147"," my arm, and started for Cape Horn and the Pacific. Quitting the good city of old Manhatto, I duly arrived in New Bedford. It was a Saturday night in December. Much was I disappointed upon learning that the little packet for Nantucket had already sailed, and that no way of reaching that pla"
"11","La chemise de nuit","new-bedford","New Bedford, Massachusetts","Cadre du récit / région de navigation","41.636111111111","-70.934722222222","area","https://www.gutenberg.org/files/2701/2701-h/2701-h.htm#link2HCH0002","https://www.wikidata.org/wiki/Q49147"," my arm, and started for Cape Horn and the Pacific. Quitting the good city of old Manhatto, I duly arrived in New Bedford. It was a Saturday night in December. Much was I disappointed upon learning that the little packet for Nantucket had already sailed, and that no way of reaching that pla"
"12","Biographie","new-bedford","New Bedford, Massachusetts","Cadre du récit / région de navigation","41.636111111111","-70.934722222222","area","https://www.gutenberg.org/files/2701/2701-h/2701-h.htm#link2HCH0002","https://www.wikidata.org/wiki/Q49147"," my arm, and started for Cape Horn and the Pacific. Quitting the good city of old Manhatto, I duly arrived in New Bedford. It was a Saturday night in December. Much was I disappointed upon learning that the little packet for Nantucket had already sailed, and that no way of reaching that pla"
"12","Biographie","","Rokovoko","Lieu fictif ; aucune adresse réelle vérifiée.","","","unlocated","https://www.gutenberg.org/files/2701/2701-h/2701-h.htm#link2HCH0012","","Queequeg was a native of Rokovoko, an island far away to the West and South. It is not down in any map; true places never are. When a new-hatched savage running wild about his native "
"13","La brouette","new-bedford","New Bedford, Massachusetts","Cadre du récit / région de navigation","41.636111111111","-70.934722222222","area","https://www.gutenberg.org/files/2701/2701-h/2701-h.htm#link2HCH0013","https://www.wikidata.org/wiki/Q49147"," luggage safe, we stood on board the schooner. Hoisting sail, it glided down the Acushnet river. On one side, New Bedford rose in terraces of streets, their ice-covered trees all glittering in the clear, cold air. Huge hills and mountains of casks on casks were piled upon her wharves, and s"
"13","La brouette","sag-harbor","Sag Harbor, New York","Voyage remémoré ou récit enchâssé","40.9967","-72.2922","area","https://www.gutenberg.org/files/2701/2701-h/2701-h.htm#link2HCH0013","https://www.wikidata.org/wiki/Q3087814"," barrow from my hand to his, he told me a funny story about the first wheelbarrow he had ever seen. It was in Sag Harbor. The owners of his ship, it seems, had lent him one, in which to carry his heavy chest to his boarding house. Not to seem ignorant about the thing—though in truth he was"
"14","Nantucket","nantucket","Nantucket","Cadre du récit / région de navigation","41.276756","-70.090889","area","https://www.gutenberg.org/files/2701/2701-h/2701-h.htm#link2HCH0014","https://www.wikidata.org/wiki/Q49149","Nothing more happened on the passage worthy the mentioning; so, after a fine run, we safely arrived in Nantucket. Nantucket! Take out your map and look at it. See what a real corner of the world it occupies; how it stands there, away off shore, more lonely than the Eddystone lighth"
"15","La soupe de poisson","nantucket","Nantucket","Cadre du récit / région de navigation","41.276756","-70.090889","area","https://www.gutenberg.org/files/2701/2701-h/2701-h.htm#link2HCH0015","https://www.wikidata.org/wiki/Q49149","sin Hosea Hussey of the Try Pots, whom he asserted to be the proprietor of one of the best kept hotels in all Nantucket, and moreover he had assured us that Cousin Hosea, as he called him, was famous for his chowders. In short, he plainly hinted that we could not possibly do better than t"
"15","La soupe de poisson","","Try Pots","Lieu fictif ; aucune adresse réelle vérifiée.","","","unlocated","https://www.gutenberg.org/files/2701/2701-h/2701-h.htm#link2HCH0015","","rd of the Spouter-Inn had recommended us to his cousin Hosea Hussey of the Try Pots, whom he asserted to be the proprietor of one of the best kept hotels in all Nantucket, and moreover he had assured us that Cousin Hosea, as he calle"
"16","Le navire","nantucket","Nantucket","Cadre du récit / région de navigation","41.276756","-70.090889","area","https://www.gutenberg.org/files/2701/2701-h/2701-h.htm#link2HCH0016","https://www.wikidata.org/wiki/Q49149","ds; each owning about the value of a timber head, or a foot of plank, or a nail or two in the ship. People in Nantucket invest their money in whaling vessels, the same way that you do yours in approved state stocks bringing in good interest. Now, Bildad, like Peleg, and indeed many other "
"17","Le ramadan","nantucket","Nantucket","Cadre du récit / région de navigation","41.276756","-70.090889","area","https://www.gutenberg.org/files/2701/2701-h/2701-h.htm#link2HCH0014","https://www.wikidata.org/wiki/Q49149","Nothing more happened on the passage worthy the mentioning; so, after a fine run, we safely arrived in Nantucket. Nantucket! Take out your map and look at it. See what a real corner of the world it occupies; how it stands there, away off shore, more lonely than the Eddystone lighth"
"18","Sa marque","nantucket","Nantucket","Cadre du récit / région de navigation","41.276756","-70.090889","area","https://www.gutenberg.org/files/2701/2701-h/2701-h.htm#link2HCH0018","https://www.wikidata.org/wiki/Q49149","I, ”he’s a member of the first Congregational Church.” Here be it said, that many tattooed savages sailing in Nantucket ships at last come to be converted into the churches. ”First Congregational Church,” cried Bildad, ”what! that worships in Deacon Deuteronomy Coleman’s meeting-house?” a"
"19","Le prophète","nantucket","Nantucket","Cadre du récit / région de navigation","41.276756","-70.090889","area","https://www.gutenberg.org/files/2701/2701-h/2701-h.htm#link2HCH0019","https://www.wikidata.org/wiki/Q49149","word about them matters and something more, eh? No, I don’t think ye did; how could ye? Who knows it? Not all Nantucket, I guess. But hows’ever, mayhap, ye’ve heard tell about the leg, and how he lost it; aye, ye have heard of that, I dare say. Oh yes, that every one knows a’most—I mean t"
"20","Tout le monde s’affaire","nantucket","Nantucket","Cadre du récit / région de navigation","41.276756","-70.090889","area","https://www.gutenberg.org/files/2701/2701-h/2701-h.htm#link2HCH0014","https://www.wikidata.org/wiki/Q49149","Nothing more happened on the passage worthy the mentioning; so, after a fine run, we safely arrived in Nantucket. Nantucket! Take out your map and look at it. See what a real corner of the world it occupies; how it stands there, away off shore, more lonely than the Eddystone lighth"
"21","L’embarquement","nantucket","Nantucket","Cadre du récit / région de navigation","41.276756","-70.090889","area","https://www.gutenberg.org/files/2701/2701-h/2701-h.htm#link2HCH0014","https://www.wikidata.org/wiki/Q49149","Nothing more happened on the passage worthy the mentioning; so, after a fine run, we safely arrived in Nantucket. Nantucket! Take out your map and look at it. See what a real corner of the world it occupies; how it stands there, away off shore, more lonely than the Eddystone lighth"
"22","Joyeux Noël","nantucket","Nantucket","Cadre du récit / région de navigation","41.276756","-70.090889","area","https://www.gutenberg.org/files/2701/2701-h/2701-h.htm#link2HCH0022","https://www.wikidata.org/wiki/Q49149","e of the licensed pilots of the port—he being suspected to have got himself made a pilot in order to save the Nantucket pilot-fee to all the ships he was concerned in, for he never piloted any other craft—Bildad, I say, might now be seen actively engaged in looking over the bows for the a"
"51","Le souffle fantôme","azores","Açores","Cadre du récit / région de navigation","38.66","-28.07","area","https://www.gutenberg.org/files/2701/2701-h/2701-h.htm#link2HCH0051","https://en.wikipedia.org/wiki/Azores","ed, and under easy sail, the ivory Pequod had slowly swept across four several cruising-grounds; that off the Azores; off the Cape de Verdes; on the Plate (so called), being off the mouth of the Rio de la Plata; and the Carrol Ground, an unstaked, watery locality, southerly from St. He"
"51","Le souffle fantôme","cape-verde","Cap-Vert","Cadre du récit / région de navigation","15.3","-23.7","area","https://www.gutenberg.org/files/2701/2701-h/2701-h.htm#link2HCH0051","https://www.wikidata.org/wiki/Q1011","sy sail, the ivory Pequod had slowly swept across four several cruising-grounds; that off the Azores; off the Cape de Verdes; on the Plate (so called), being off the mouth of the Rio de la Plata; and the Carrol Ground, an unstaked, watery locality, southerly from St. Helena. It was while glidi"
"51","Le souffle fantôme","plata","Río de la Plata","Cadre du récit / région de navigation","-34.883055555556","-56.713611111111","area","https://www.gutenberg.org/files/2701/2701-h/2701-h.htm#link2HCH0051","https://www.wikidata.org/wiki/Q35827","ng-grounds; that off the Azores; off the Cape de Verdes; on the Plate (so called), being off the mouth of the Rio de la Plata; and the Carrol Ground, an unstaked, watery locality, southerly from St. Helena. It was while gliding through these latter waters that one serene and moonlight night, wh"
"51","Le souffle fantôme","good-hope","Cap de Bonne-Espérance","Cadre du récit / région de navigation","-34.358055555556","18.471944444444","area","https://www.gutenberg.org/files/2701/2701-h/2701-h.htm#link2HCH0051","https://www.wikidata.org/wiki/Q4092","onscience; and the great mundane soul were in anguish and remorse for the long sin and suffering it had bred. Cape of Good Hope, do they call ye? Rather Cape Tormentoso, as called of yore; for long allured by the perfidious silences that before had attended us, we found ourselves launched into th"
"51","Le souffle fantôme","","Carrol Ground","Coordonnées omises : le texte ne permet pas d’identifier un point unique.","","","unlocated","https://www.gutenberg.org/files/2701/2701-h/2701-h.htm#link2HCH0051","","the Plate (so called), being off the mouth of the Rio de la Plata; and the Carrol Ground, an unstaked, watery locality, southerly from St. Helena. It was while gliding through these latter waters that one serene and moonlight night, when "
"52","L’Albatros","crozet","Îles Crozet","Cadre du récit / région de navigation","-46.38","51.67","area","https://www.gutenberg.org/files/2701/2701-h/2701-h.htm#link2HCH0052","https://www.wikidata.org/wiki/Q201698","South-eastward from the Cape, off the distant Crozetts, a good cruising ground for Right Whalemen, a sail loomed ahead, the Goney (Albatross) by name. As she slowly drew nigh, from my lofty perch at the fore-mast-head, I had"
"54","L’histoire du Town-Ho","lima","Lima","Voyage remémoré ou récit enchâssé","-12.06","-77.0375","area","https://www.gutenberg.org/files/2701/2701-h/2701-h.htm#link2HCH0054","https://www.wikidata.org/wiki/Q2868","he famous Gallipagos terrapin. For my humor’s sake, I shall preserve the style in which I once narrated it at Lima, to a lounging circle of my Spanish friends, one saint’s eve, smoking upon the thick-gilt tiled piazza of the Golden Inn. Of those fine cavaliers, the young Dons, Pedro "
"54","L’histoire du Town-Ho","tahiti","Tahiti","Voyage remémoré ou récit enchâssé","-17.666666666667","-149.46666666667","area","https://www.gutenberg.org/files/2701/2701-h/2701-h.htm#link2HCH0054","https://www.wikidata.org/wiki/Q42000","ril, took one man with him, and setting the sail of his best whale-boat, steered straight before the wind for Tahiti, five hundred miles distant, to procure a reinforcement to his crew. ”On the fourth day of the sail, a large canoe was descried, which seemed to have touched at a low is"
"58","Le brit","crozet","Îles Crozet","Cadre du récit / région de navigation","-46.38","51.67","area","https://www.gutenberg.org/files/2701/2701-h/2701-h.htm#link2HCH0058","https://www.wikidata.org/wiki/Q201698","Steering north-eastward from the Crozetts, we fell in with vast meadows of brit, the minute, yellow substance, upon which the Right Whale largely feeds. For leagues and leagues it undulated round us, so that we "
"71","L’histoire du Jeroboam","niskayuna","Niskayuna, New York","Voyage remémoré ou récit enchâssé","42.80027778","-73.88083333","area","https://www.gutenberg.org/files/2701/2701-h/2701-h.htm#link2HCH0071","https://en.wikipedia.org/wiki/Niskayuna%2C_New_York","ost everybody in the Jeroboam. His story was this: He had been originally nurtured among the crazy society of Neskyeuna Shakers, where he had been a great prophet; in their cracked, secret meetings having several times descended from heaven by the way of a trap-door, announcing the speedy"
"87","La grande armada","sunda","Détroit de la Sonde","Cadre du récit / région de navigation","-5.9702777777778","105.76972222222","area","https://www.gutenberg.org/files/2701/2701-h/2701-h.htm#link2HCH0087","https://www.wikidata.org/wiki/Q192790","rt is pierced by several sally-ports for the convenience of ships and whales; conspicuous among which are the straits of Sunda and Malacca. By the straits of Sunda, chiefly, vessels bound to China from the west, emerge into the China seas. Those narrow straits of Sunda divide Sumatra from Java; "
"87","La grande armada","java-head","Tanjung Layar","Cadre du récit / région de navigation","-6.75417","105.219","area","https://www.gutenberg.org/files/2701/2701-h/2701-h.htm#link2HCH0087","https://www.wikidata.org/wiki/Q7683424","standing midway in that vast rampart of islands, buttressed by that bold green promontory, known to seamen as Java Head; they not a little correspond to the central gateway opening into some vast walled empire: and considering the inexhaustible wealth of spices, and silks, and jewels, and"
"102","Une tonnelle dans les Arsacides","","Arsacides","Le récit fictif mêle des indices géographiques contradictoires. L’édition critique rapproche Tranque du Chili et les Arsacides des îles Salomon ; aucun lieu réel ne représente cette scène sans ambiguïté.","","","unlocated","https://melville.electroniclibrary.org/editions/versions-of-moby-dick/102-a-bower-in-the-arsacides","","I am indebted to my late royal friend Tranquo, king of Tranque, one of the Arsacides. For being at Tranque, years ago, when attached to the trading-ship Dey of Algiers, I was invited to spend part of the Arsacidean holidays with the l"
"102","Une tonnelle dans les Arsacides","","Tranque","Le récit fictif mêle des indices géographiques contradictoires. L’édition critique rapproche Tranque du Chili et les Arsacides des îles Salomon ; aucun lieu réel ne représente cette scène sans ambiguïté.","","","unlocated","https://melville.electroniclibrary.org/editions/versions-of-moby-dick/102-a-bower-in-the-arsacides","","that rare knowledge I am indebted to my late royal friend Tranquo, king of Tranque, one of the Arsacides. For being at Tranque, years ago, when attached to the trading-ship Dey of Algiers, I was invited to spend part of the Arsacide"
"102","Une tonnelle dans les Arsacides","","Pupella","Le récit fictif mêle des indices géographiques contradictoires. L’édition critique rapproche Tranque du Chili et les Arsacides des îles Salomon ; aucun lieu réel ne représente cette scène sans ambiguïté.","","","unlocated","https://melville.electroniclibrary.org/editions/versions-of-moby-dick/102-a-bower-in-the-arsacides","","Arsacidean holidays with the lord of Tranque, at his retired palm villa at Pupella; a sea-side glen not very far distant from what our sailors called Bamboo-Town, his capital. Among many other fine qualities, my royal friend Tranquo"
"102","Une tonnelle dans les Arsacides","","Bamboo","Le récit fictif mêle des indices géographiques contradictoires. L’édition critique rapproche Tranque du Chili et les Arsacides des îles Salomon ; aucun lieu réel ne représente cette scène sans ambiguïté.","","","unlocated","https://melville.electroniclibrary.org/editions/versions-of-moby-dick/102-a-bower-in-the-arsacides","","Pupella; a sea-side glen not very far distant from what our sailors called Bamboo-Town, his capital. Among many other fine qualities, my royal friend Tranquo, being gifted with a devout love for all matters of barbaric vertu, had b"
"103","Mesure du squelette de la baleine","","Arsacides","Le récit fictif mêle des indices géographiques contradictoires. L’édition critique rapproche Tranque du Chili et les Arsacides des îles Salomon ; aucun lieu réel ne représente cette scène sans ambiguïté.","","","unlocated","https://melville.electroniclibrary.org/editions/versions-of-moby-dick/102-a-bower-in-the-arsacides","","ence to their length. The middle ribs were the most arched. In some of the Arsacides they are used for beams whereon to lay footpath bridges over small streams. In considering these ribs, I could not but be struck anew with the circum"
"109","Achab et Starbuck dans la cabine","bashee","Batanes","Cadre du récit / région de navigation","20.583333333333","121.9","area","https://www.gutenberg.org/files/2701/2701-h/2701-h.htm#link2HCH0109","https://www.wikidata.org/wiki/Q13740","us leakage in the precious cargo. Now, from the South and West the Pequod was drawing nigh to Formosa and the Bashee Isles, between which lies one of the tropical outlets from the China waters into the Pacific. And so Starbuck found Ahab with a general chart of the oriental archipelago"
"109","Achab et Starbuck dans la cabine","taiwan","Taïwan","Cadre du récit / région de navigation","24","121","area","https://www.gutenberg.org/files/2701/2701-h/2701-h.htm#link2HCH0109","https://en.wikipedia.org/wiki/Taiwan","detect any serious leakage in the precious cargo. Now, from the South and West the Pequod was drawing nigh to Formosa and the Bashee Isles, between which lies one of the tropical outlets from the China waters into the Pacific. And so Starbuck found Ahab with a general chart of the orien"
"111","Le Pacifique","bashee","Batanes","Cadre du récit / région de navigation","20.583333333333","121.9","area","https://www.gutenberg.org/files/2701/2701-h/2701-h.htm#link2HCH0111","https://www.wikidata.org/wiki/Q13740","When gliding by the Bashee isles we emerged at last upon the great South Sea; were it not for other things, I could have greeted my dear Pacific with uncounted thanks, for now the long supplicatio"
"135","La chasse : troisième jour","","Naufrage du Pequod","Le récit ne fournit aucune paire latitude–longitude pour cet événement. La vue du Pacifique sert seulement de contexte ; aucun point de naufrage ou de sauvetage n’est indiqué.","","","unlocated","https://www.gutenberg.org/files/2701/2701-h/2701-h.htm#link2HCH0135","","ing, animate and inanimate, all round and round in one vortex, carried the smallest chip of the Pequod out of sight. But as the last whelmings intermixingly poured themselves over the sunken head of the Indian at the mainmast, leaving a few inches of t"
"136","Épilogue","","Sauvetage d’Ishmael par la Rachel","Le récit ne fournit aucune paire latitude–longitude pour cet événement. La vue du Pacifique sert seulement de contexte ; aucun point de naufrage ou de sauvetage n’est indiqué.","","","unlocated","https://www.gutenberg.org/files/2701/2701-h/2701-h.htm#link2H_EPIL","","l drew near, nearer, and picked me up at last. It was the devious-cruising Rachel, that in her retracing search after her missing children, only found another orphan."
