"id";"lieu";"adresse";"latitude_WGS84";"longitude_WGS84";"type";"chapitres";"methode_precision";"note";"source_scene";"source_coordonnees";"date_verification"
"tower";"Tour Martello";"Sandycove Point";"53.288656";"-6.113632";"Bâtiment recensé · registre municipal";"1";"Centroïde de l’emprise de la tour dans le registre officiel du DLR County Council, RPS 1027, converti en WGS84 par le service. Il ne situe pas les personnages à l’intérieur.";"La tour où commence le roman ; aujourd’hui James Joyce Tower and Museum.";"https://riverrun.org.uk/JJD2.pdf";"https://services.arcgis.com/41mg5wcsG0sphp5W/arcgis/rest/services/ProtectedStructures_CDP2228_dlrcoco/FeatureServer/16/query?where=RPSNumber%3D%271027%27&outFields=*&outSR=4326&f=pjson";"2026-10-07"
"forty";"Forty Foot";"Sandycove";"53.28875";"-6.1131";"Zone narrative · centre indicatif";"1";"Position reportée de la carte historique sur la géographie actuelle. Ce n’est pas un relevé du bâtiment ni des mouvements des personnages. La coordonnée est indicative.";"Zone de baignade de Mulligan. Le point indique l’accès au littoral, sans situer le nageur.";"https://riverrun.org.uk/JJD2.pdf";"https://riverrun.org.uk/JJD2.pdf";"2026-10-07"
"school";"L’école de Deasy";"Summerfield, 63 Dalkey Avenue";"53.276074";"-6.108585";"Localisation incertaine";"2";"Centroïde de l’emprise de Summerfield House dans le registre officiel du DLR County Council, converti en WGS84 par le service. James Joyce Online Notes documente le lien avec le modèle de Deasy ; le roman ne nomme pas Summerfield.";"Modèle historique : Clifton School à Summerfield. Le point est le centre du bâtiment protégé RPS 1909. Son identification comme école du roman reste une déduction ; la position de Summerfield Lodge dans l’ensemble est incertaine.";"https://riverrun.org.uk/JJD2.pdf";"https://services.arcgis.com/41mg5wcsG0sphp5W/arcgis/rest/services/ProtectedStructures_CDP2228_dlrcoco/FeatureServer/16/1807";"2026-10-07"
"leahy";"Les marches de Leahy’s Terrace";"Ancien accès à la plage";"53.33647";"-6.21777";"Adresse historique localisée";"3, 13";"Position reportée de la carte historique sur la géographie actuelle. Ce n’est pas un relevé du bâtiment ni des mouvements des personnages. La coordonnée est indicative.";"L’accès au rivage de 1904 précède les terres gagnées sur la mer et la route côtière actuelle.";"https://riverrun.org.uk/JJD2.pdf";"https://riverrun.org.uk/JJD2.pdf";"2026-10-07"
"strand";"Le rivage de Protée";"Sandymount, vers Pigeon House";"53.34";"-6.21";"Zone narrative · centre indicatif";"3";"Position reportée de la carte historique sur la géographie actuelle. Ce n’est pas un relevé du bâtiment ni des mouvements des personnages. La coordonnée est indicative.";"Stephen suit le rivage nord vers le nord-est. Les terres gagnées sur la mer ont modifié le littoral ; le point marque le centre d’une zone.";"https://riverrun.org.uk/JJD2.pdf";"https://riverrun.org.uk/JJD2.pdf";"2026-10-07"
"boulders";"La jetée de rochers";"Ancien rivage près de Pigeon House";"53.342";"-6.207";"Zone narrative · centre indicatif";"3";"Position reportée de la carte historique sur la géographie actuelle. Ce n’est pas un relevé du bâtiment ni des mouvements des personnages. La coordonnée est indicative.";"Ancien secteur où Stephen s’arrête. Son rocher ne peut pas être identifié sur les images actuelles.";"https://riverrun.org.uk/JJD2.pdf";"https://riverrun.org.uk/JJD2.pdf";"2026-10-07"
"nausicaa";"Le rivage de Nausicaa";"Sandymount près de Leahy’s Terrace";"53.336";"-6.214";"Zone narrative · centre indicatif";"13";"Position reportée de la carte historique sur la géographie actuelle. Ce n’est pas un relevé du bâtiment ni des mouvements des personnages. La coordonnée est indicative.";"Zone de la scène du soir avec Gerty et Bloom, distincte de la promenade de Stephen. Le siège de roche n’est pas identifié.";"https://riverrun.org.uk/JJD2.pdf";"https://riverrun.org.uk/JJD2.pdf";"2026-10-07"
"star";"Star of the Sea";"Leahy’s Terrace / Sandymount Road";"53.33597";"-6.21957";"Adresse historique localisée";"13";"Position reportée de la carte historique sur la géographie actuelle. Ce n’est pas un relevé du bâtiment ni des mouvements des personnages. La coordonnée est indicative.";"Les voix et les sons font entrer l’office religieux dans la scène. La source photographique situe l’église sans revendiquer de précision cadastrale.";"https://riverrun.org.uk/JJD2.pdf";"https://commons.wikimedia.org/wiki/Category:St._Mary%27s_Church,_Star_of_the_Sea,_Sandymount_Road,_Dublin";"2026-10-07"
"eccles";"7 Eccles Street";"Emplacement de la maison des Bloom";"53.357833";"-6.264533";"Adresse historique localisée";"4, 10, 17, 18";"Position reportée de la carte historique sur la géographie actuelle. Ce n’est pas un relevé du bâtiment ni des mouvements des personnages. La coordonnée est indicative.";"La maison a été démolie. Le point indique la plaque actuelle sur le site historique, pas le centre de la maison disparue. Sa porte est conservée au James Joyce Centre.";"https://riverrun.org.uk/JJD2.pdf";"https://www.hmdb.org/m.asp?m=269822";"2026-10-07"
"orourke";"Le pub de Larry O’Rourke";"72–73 Upper Dorset Street";"53.357422";"-6.264128";"Adresse historique localisée";"4";"L’adresse de 1904 est rattachée au bâtiment ou à la parcelle recensés aujourd’hui sous le même numéro. Les intérieurs et activités historiques ne sont pas reconstitués.";"Le pub se trouve au coin où Bloom tourne pour acheter le rognon.";"https://riverrun.org.uk/JJD2.pdf";"https://www.buildingsofireland.ie/niah/search.jsp?type=record&county=DU&regno=50010705";"2026-10-07"
"josephschool";"St Joseph’s National School";"81–84 Upper Dorset Street";"53.356823";"-6.264847";"Adresse historique localisée";"4";"L’adresse de 1904 est rattachée au bâtiment ou à la parcelle recensés aujourd’hui sous le même numéro. Les intérieurs et activités historiques ne sont pas reconstitués.";"Bloom passe devant l’école. L’inventaire identifie le bâtiment, aujourd’hui affecté à un autre usage.";"https://riverrun.org.uk/JJD2.pdf";"https://www.buildingsofireland.ie/niah/search.jsp?type=record&county=DU&regno=50010699";"2026-10-07"
"dlugacz";"La boucherie de Dlugacz";"Upper Dorset Street";"53.35655";"-6.265";"Localisation incertaine";"4";"Position reportée de la carte historique sur la géographie actuelle. Ce n’est pas un relevé du bâtiment ni des mouvements des personnages. La coordonnée est indicative.";"Joyce invente cette boutique sans numéro de rue. Le repère indique le côté de la rue reconstitué par Gunn et Hart, pas un commerce identifié.";"https://riverrun.org.uk/JJD2.pdf";"https://riverrun.org.uk/JJD2.pdf";"2026-10-07"
"george";"St George’s Church";"Hardwicke Place";"53.35734";"-6.26276";"Bâtiment ou monument recensé";"4, 17";"Coordonnées WGS84 du point recensé par le NIAH. Elles identifient le bâtiment ou le monument, sans certifier l’entrée ni la position du personnage.";"Les cloches ponctuent le début de la journée et la fin du retour.";"https://riverrun.org.uk/JJD2.pdf";"https://www.buildingsofireland.ie/niah/search.jsp?type=record&county=DU&regno=50010878";"2026-10-07"
"quay";"Sir John Rogerson’s Quay";"Près de Lime Street";"53.34685";"-6.2409";"Tronçon de rue · point de repère";"5";"Position reportée de la carte historique sur la géographie actuelle. Ce n’est pas un relevé du bâtiment ni des mouvements des personnages. La coordonnée est indicative.";"Bloom suit le quai vers l’est. Le point sert de repère pour le premier tronçon.";"https://riverrun.org.uk/JJD2.pdf";"https://riverrun.org.uk/JJD2.pdf";"2026-10-07"
"lime";"Lime Street";"Du quai à Hanover Street";"53.3455";"-6.2406";"Tronçon de rue · point de repère";"5";"Position reportée de la carte historique sur la géographie actuelle. Ce n’est pas un relevé du bâtiment ni des mouvements des personnages. La coordonnée est indicative.";"Bloom quitte les quais et se dirige vers le sud.";"https://riverrun.org.uk/JJD2.pdf";"https://riverrun.org.uk/JJD2.pdf";"2026-10-07"
"hanover";"Hanover Street East";"Vers Lombard Street East";"53.34485";"-6.2425";"Tronçon de rue · point de repère";"5";"Position reportée de la carte historique sur la géographie actuelle. Ce n’est pas un relevé du bâtiment ni des mouvements des personnages. La coordonnée est indicative.";"Tronçon du détour vers l’ouest.";"https://riverrun.org.uk/JJD2.pdf";"https://riverrun.org.uk/JJD2.pdf";"2026-10-07"
"lombard";"Lombard Street East";"Carrefour avec Townsend Street";"53.3452";"-6.247";"Tronçon de rue · point de repère";"5";"Position reportée de la carte historique sur la géographie actuelle. Ce n’est pas un relevé du bâtiment ni des mouvements des personnages. La coordonnée est indicative.";"Bloom traverse vers le côté ouest avant de descendre vers Westland Row.";"https://riverrun.org.uk/JJD2.pdf";"https://riverrun.org.uk/JJD2.pdf";"2026-10-07"
"post";"Bureau de poste de Westland Row";"49–50 Westland Row, en 1904";"53.34355";"-6.24967";"Adresse historique localisée";"5";"Position reportée de la carte historique sur la géographie actuelle. Ce n’est pas un relevé du bâtiment ni des mouvements des personnages. La coordonnée est indicative.";"Bloom y retire la lettre destinée à Henry Flower. Site historique au nord de St Andrew’s, près de Pearse Street ; le bâtiment de 1904 nécessite un géoréférencement cadastral complémentaire. Ce n’est pas le GPO d’O’Connell Street.";"https://riverrun.org.uk/JJD2.pdf";"https://riverrun.org.uk/JJD2.pdf";"2026-10-07"
"pearse";"Great Brunswick Street";"Aujourd’hui Pearse Street, près de Westland Row";"53.3438";"-6.2495";"Tronçon de rue · point de repère";"5";"Position reportée de la carte historique sur la géographie actuelle. Ce n’est pas un relevé du bâtiment ni des mouvements des personnages. La coordonnée est indicative.";"Bloom revient vers Great Brunswick Street et contourne l’église.";"https://riverrun.org.uk/JJD2.pdf";"https://riverrun.org.uk/JJD2.pdf";"2026-10-07"
"cumberland";"Cumberland Street South";"Entrée arrière de l’église";"53.3431";"-6.2478";"Tronçon de rue · point de repère";"5";"Position reportée de la carte historique sur la géographie actuelle. Ce n’est pas un relevé du bâtiment ni des mouvements des personnages. La coordonnée est indicative.";"Tronçon du détour avant l’office religieux.";"https://riverrun.org.uk/JJD2.pdf";"https://riverrun.org.uk/JJD2.pdf";"2026-10-07"
"andrew";"All Hallows / St Andrew’s";"47–48 Westland Row";"53.343099";"-6.249051";"Bâtiment ou monument recensé";"5";"Coordonnées WGS84 du point recensé par le NIAH. Elles identifient le bâtiment ou le monument, sans certifier l’entrée ni la position du personnage.";"L’église du roman est St Andrew’s, appelée All Hallows par Joyce. Bloom entre par l’arrière.";"https://riverrun.org.uk/JJD2.pdf";"https://www.buildingsofireland.ie/niah/search.jsp?type=record&county=DU&regno=50930336";"2026-10-07"
"sweny";"Sweny’s Pharmacy";"1 Lincoln Place";"53.341865";"-6.250559";"Bâtiment ou monument recensé";"5";"Coordonnées WGS84 du point recensé par le NIAH. Elles identifient le bâtiment ou le monument, sans certifier l’entrée ni la position du personnage.";"Le bâtiment de l’ancienne pharmacie est recensé par le NIAH. Bloom y achète son savon au citron.";"https://riverrun.org.uk/JJD2.pdf";"https://www.buildingsofireland.ie/niah/search.jsp?type=record&county=DU&regno=50020449";"2026-10-07"
"conway";"Le pub de Conway";"31–32 Westland Row";"53.342173";"-6.250764";"Adresse historique localisée";"5";"L’adresse de 1904 est rattachée au bâtiment ou à la parcelle recensés aujourd’hui sous le même numéro. Les intérieurs et activités historiques ne sont pas reconstitués.";"Adresse historique aujourd’hui occupée par Kennedy’s. Bantam Lyons revient vers ce pub.";"https://riverrun.org.uk/JJD2.pdf";"https://www.buildingsofireland.ie/niah/search.jsp?type=record&county=DU&regno=50020447";"2026-10-07"
"baths";"Turkish and Warm Baths";"11 Leinster Street, en 1904";"53.34165";"-6.2534";"Adresse historique localisée";"5";"Position reportée de la carte historique sur la géographie actuelle. Ce n’est pas un relevé du bâtiment ni des mouvements des personnages. La coordonnée est indicative.";"Destination évoquée rétrospectivement dans Ithaque. Les Lotophages se termine avant l’arrivée ; Gunn et Hart discutent l’alternative des bains de Lincoln Place. Site indicatif.";"https://riverrun.org.uk/JJD2.pdf";"https://riverrun.org.uk/JJD2.pdf";"2026-10-07"
"dignam";"La maison de Paddy Dignam";"9 Newbridge Avenue";"53.335502";"-6.223457";"Adresse historique localisée";"6";"Position reportée de la carte historique sur la géographie actuelle. Ce n’est pas un relevé du bâtiment ni des mouvements des personnages. La coordonnée est indicative.";"L’adresse est explicite dans le roman. Le point provient d’une visite publiée sur place, pas d’un relevé cadastral. Les versions antérieures indiquaient le numéro 10, de l’autre côté.";"https://riverrun.org.uk/JJD2.pdf";"https://www.tedz.eu/view.php?mdfile=20250609_041622.md";"2026-10-07"
"triton";"Tritonville Road";"Cortège funèbre vers Irishtown";"53.337";"-6.2218";"Tronçon de rue · point de repère";"6";"Position reportée de la carte historique sur la géographie actuelle. Ce n’est pas un relevé du bâtiment ni des mouvements des personnages. La coordonnée est indicative.";"Position reportée de la carte historique sur la géographie actuelle. Ce n’est pas un relevé du bâtiment ni des mouvements des personnages. La coordonnée est indicative.";"https://riverrun.org.uk/JJD2.pdf";"https://riverrun.org.uk/JJD2.pdf";"2026-10-07"
"london";"Londonbridge Road";"Vers la Dodder";"53.3376";"-6.226";"Tronçon de rue · point de repère";"6";"Position reportée de la carte historique sur la géographie actuelle. Ce n’est pas un relevé du bâtiment ni des mouvements des personnages. La coordonnée est indicative.";"Position reportée de la carte historique sur la géographie actuelle. Ce n’est pas un relevé du bâtiment ni des mouvements des personnages. La coordonnée est indicative.";"https://riverrun.org.uk/JJD2.pdf";"https://riverrun.org.uk/JJD2.pdf";"2026-10-07"
"irishtown";"Irishtown Road";"Près de Watery Lane";"53.34";"-6.2254";"Tronçon de rue · point de repère";"6";"Position reportée de la carte historique sur la géographie actuelle. Ce n’est pas un relevé du bâtiment ni des mouvements des personnages. La coordonnée est indicative.";"Bloom aperçoit Stephen à Irishtown près de l’ancienne Watery Lane.";"https://riverrun.org.uk/JJD2.pdf";"https://riverrun.org.uk/JJD2.pdf";"2026-10-07"
"ringsend";"Ringsend Bridge";"Traversée de la Dodder";"53.3419";"-6.227";"Tronçon de rue · point de repère";"6";"Position reportée de la carte historique sur la géographie actuelle. Ce n’est pas un relevé du bâtiment ni des mouvements des personnages. La coordonnée est indicative.";"Position reportée de la carte historique sur la géographie actuelle. Ce n’est pas un relevé du bâtiment ni des mouvements des personnages. La coordonnée est indicative.";"https://riverrun.org.uk/JJD2.pdf";"https://riverrun.org.uk/JJD2.pdf";"2026-10-07"
"canaldock";"Grand Canal Docks";"Pont de Ringsend Road";"53.342";"-6.2353";"Tronçon de rue · point de repère";"6";"Position reportée de la carte historique sur la géographie actuelle. Ce n’est pas un relevé du bâtiment ni des mouvements des personnages. La coordonnée est indicative.";"Le cortège s’arrête au pont du bassin, qui pouvait s’ouvrir pour les bateaux en 1904.";"https://riverrun.org.uk/JJD2.pdf";"https://riverrun.org.uk/JJD2.pdf";"2026-10-07"
"greatbrunswick";"Great Brunswick Street";"Aujourd’hui Pearse Street";"53.344";"-6.243";"Tronçon de rue · point de repère";"6";"Position reportée de la carte historique sur la géographie actuelle. Ce n’est pas un relevé du bâtiment ni des mouvements des personnages. La coordonnée est indicative.";"Position reportée de la carte historique sur la géographie actuelle. Ce n’est pas un relevé du bâtiment ni des mouvements des personnages. La coordonnée est indicative.";"https://riverrun.org.uk/JJD2.pdf";"https://riverrun.org.uk/JJD2.pdf";"2026-10-07"
"dolier";"D’Olier Street";"Vers O’Connell Bridge";"53.346528";"-6.257917";"Tronçon de rue · point de repère";"6";"Le point NIAH d’un bâtiment de la rue sert de repère cartographique au tronçon parcouru. Ce n’est pas un arrêt du personnage.";"Un bâtiment recensé repère le tronçon parcouru en voiture.";"https://riverrun.org.uk/JJD2.pdf";"https://www.buildingsofireland.ie/niah/search.jsp?type=record&county=DU&regno=50020282";"2026-10-07"
"ocbridge";"O’Connell Bridge";"Le pont sur la Liffey";"53.347275";"-6.2591";"Bâtiment ou monument recensé";"6, 8";"Coordonnées WGS84 du point recensé par le NIAH. Elles identifient le bâtiment ou le monument, sans certifier l’entrée ni la position du personnage.";"Le cortège traverse la Liffey. Dans Les Lestrygons, Bloom observe le fleuve depuis le pont.";"https://riverrun.org.uk/JJD2.pdf";"https://www.buildingsofireland.ie/niah/search.jsp?type=record&county=DU&regno=50060552";"2026-10-07"
"pillar";"Nelson’s Pillar";"Site historique, aujourd’hui The Spire";"53.34981";"-6.26025";"Adresse historique localisée";"6";"Position reportée de la carte historique sur la géographie actuelle. Ce n’est pas un relevé du bâtiment ni des mouvements des personnages. La coordonnée est indicative.";"La colonne a été détruite en 1966. Le repère marque le site du monument.";"https://riverrun.org.uk/JJD2.pdf";"https://riverrun.org.uk/JJD2.pdf";"2026-10-07"
"rotunda";"La Rotunda";"Rutland Square, aujourd’hui Parnell Square";"53.352111";"-6.262892";"Bâtiment ou monument recensé";"6";"Coordonnées WGS84 du point recensé par le NIAH. Elles identifient le bâtiment ou le monument, sans certifier l’entrée ni la position du personnage.";"La voiture continue vers le nord le long de la Rotunda.";"https://riverrun.org.uk/JJD2.pdf";"https://www.buildingsofireland.ie/niah/search.jsp?type=record&county=DU&regno=50010621";"2026-10-07"
"frederick";"Frederick Street North";"Vers Blessington Street";"53.3548";"-6.2646";"Tronçon de rue · point de repère";"6";"Position reportée de la carte historique sur la géographie actuelle. Ce n’est pas un relevé du bâtiment ni des mouvements des personnages. La coordonnée est indicative.";"Position reportée de la carte historique sur la géographie actuelle. Ce n’est pas un relevé du bâtiment ni des mouvements des personnages. La coordonnée est indicative.";"https://riverrun.org.uk/JJD2.pdf";"https://riverrun.org.uk/JJD2.pdf";"2026-10-07"
"blessington";"Blessington Street";"Tronçon est";"53.356599";"-6.266753";"Tronçon de rue · point de repère";"6";"Le point NIAH d’un bâtiment de la rue sert de repère cartographique au tronçon parcouru. Ce n’est pas un arrêt du personnage.";"Le point NIAH d’un bâtiment de la rue sert de repère cartographique au tronçon parcouru. Ce n’est pas un arrêt du personnage.";"https://riverrun.org.uk/JJD2.pdf";"https://www.buildingsofireland.ie/niah/search.jsp?type=record&county=DU&regno=50070432";"2026-10-07"
"berkeley";"Berkeley Road";"Le cortège tourne vers le nord";"53.359157";"-6.270054";"Tronçon de rue · point de repère";"6";"Le point NIAH d’un bâtiment de la rue sert de repère cartographique au tronçon parcouru. Ce n’est pas un arrêt du personnage.";"Le point NIAH d’un bâtiment de la rue sert de repère cartographique au tronçon parcouru. Ce n’est pas un arrêt du personnage.";"https://riverrun.org.uk/JJD2.pdf";"https://www.buildingsofireland.ie/niah/search.jsp?type=record&county=DU&regno=50060272";"2026-10-07"
"circular";"North Circular Road";"Vers Phibsborough";"53.360816";"-6.270847";"Tronçon de rue · point de repère";"6";"Le point NIAH d’un bâtiment de la rue sert de repère cartographique au tronçon parcouru. Ce n’est pas un arrêt du personnage.";"Le point NIAH d’un bâtiment de la rue sert de repère cartographique au tronçon parcouru. Ce n’est pas un arrêt du personnage.";"https://riverrun.org.uk/JJD2.pdf";"https://www.buildingsofireland.ie/niah/search.jsp?type=record&county=DU&regno=50060232";"2026-10-07"
"crossguns";"Cross Guns Bridge";"Royal Canal / Phibsborough Road";"53.364342";"-6.271796";"Bâtiment ou monument recensé";"6";"Coordonnées WGS84 du point recensé par le NIAH. Elles identifient le bâtiment ou le monument, sans certifier l’entrée ni la position du personnage.";"Deuxième canal traversé par le cortège, avant Prospect Avenue.";"https://riverrun.org.uk/JJD2.pdf";"https://www.buildingsofireland.ie/niah/search.jsp?type=record&county=DU&regno=50060185";"2026-10-07"
"prospect";"Prospect Avenue";"Vers Finglas Road";"53.3667";"-6.274";"Tronçon de rue · point de repère";"6";"Position reportée de la carte historique sur la géographie actuelle. Ce n’est pas un relevé du bâtiment ni des mouvements des personnages. La coordonnée est indicative.";"Position reportée de la carte historique sur la géographie actuelle. Ce n’est pas un relevé du bâtiment ni des mouvements des personnages. La coordonnée est indicative.";"https://riverrun.org.uk/JJD2.pdf";"https://riverrun.org.uk/JJD2.pdf";"2026-10-07"
"cemetery";"Entrée de Glasnevin";"Finglas Road / Prospect Cemetery";"53.369787";"-6.277609";"Bâtiment ou monument recensé";"6";"Coordonnées WGS84 du point recensé par le NIAH. Elles identifient le bâtiment ou le monument, sans certifier l’entrée ni la position du personnage.";"Le point recensé marque l’accès à l’ensemble du cimetière.";"https://riverrun.org.uk/JJD2.pdf";"https://www.buildingsofireland.ie/niah/search.jsp?type=record&county=DU&regno=50130070";"2026-10-07"
"chapel";"Chapelle mortuaire";"Glasnevin Cemetery";"53.370364";"-6.277868";"Bâtiment ou monument recensé";"6";"Coordonnées WGS84 du point recensé par le NIAH. Elles identifient le bâtiment ou le monument, sans certifier l’entrée ni la position du personnage.";"Étape de la cérémonie. La tombe fictive de Dignam n’a pas de point vérifiable.";"https://riverrun.org.uk/JJD2.pdf";"https://www.buildingsofireland.ie/niah/search.jsp?type=record&county=DU&regno=50130075";"2026-10-07"
"crypt";"Monument d’O’Connell";"Glasnevin Cemetery";"53.370181";"-6.277139";"Bâtiment ou monument recensé";"6";"Coordonnées WGS84 du point recensé par le NIAH. Elles identifient le bâtiment ou le monument, sans certifier l’entrée ni la position du personnage.";"Repère à l’intérieur du cimetière, distinct du monument d’O’Connell Street.";"https://riverrun.org.uk/JJD2.pdf";"https://www.buildingsofireland.ie/niah/search.jsp?type=record&county=DU&regno=50130079";"2026-10-07"
"parnell";"Monument de Parnell";"Glasnevin Cemetery";"53.37085";"-6.278708";"Bâtiment ou monument recensé";"6";"Coordonnées WGS84 du point recensé par le NIAH. Elles identifient le bâtiment ou le monument, sans certifier l’entrée ni la position du personnage.";"Hynes et Power se dirigent vers la tombe de Parnell.";"https://riverrun.org.uk/JJD2.pdf";"https://www.buildingsofireland.ie/niah/search.jsp?type=record&county=DU&regno=50130074";"2026-10-07"
"gpo";"General Post Office";"O’Connell Street";"53.349421";"-6.260307";"Bâtiment ou monument recensé";"7";"Coordonnées WGS84 du point recensé par le NIAH. Elles identifient le bâtiment ou le monument, sans certifier l’entrée ni la position du personnage.";"Le GPO apparaît dans Éole, dans le contexte des rédactions et du centre-ville.";"https://riverrun.org.uk/JJD2.pdf";"https://www.buildingsofireland.ie/niah/search.jsp?type=record&county=DU&regno=50010527";"2026-10-07"
"newspaper";"Freeman’s Journal / Evening Telegraph";"4–8 Prince’s Street, en 1904";"53.349";"-6.2605";"Adresse historique localisée";"7";"Position reportée de la carte historique sur la géographie actuelle. Ce n’est pas un relevé du bâtiment ni des mouvements des personnages. La coordonnée est indicative.";"Site des rédactions du côté sud de la rue. Les destructions de 1916 et les reconstructions ont transformé cet îlot.";"https://riverrun.org.uk/JJD2.pdf";"https://riverrun.org.uk/JJD2.pdf";"2026-10-07"
"dillon";"Dillon’s auctionrooms";"25 Bachelor’s Walk";"53.347301";"-6.260726";"Adresse historique localisée";"7, 10";"L’adresse de 1904 est rattachée au bâtiment ou à la parcelle recensés aujourd’hui sous le même numéro. Les intérieurs et activités historiques ne sont pas reconstitués.";"Adresse des salles de vente, aujourd’hui parcelle de l’Arlington Hotel. Le maintien du numéro ne garantit pas le bâtiment de 1904.";"https://riverrun.org.uk/JJD2.pdf";"https://www.buildingsofireland.ie/niah/search.jsp?type=record&county=DU&regno=50010328";"2026-10-07"
"mooney";"Mooney’s «en ville»";"1 Lower Abbey Street";"53.34856";"-6.2592";"Adresse historique localisée";"7";"Position reportée de la carte historique sur la géographie actuelle. Ce n’est pas un relevé du bâtiment ni des mouvements des personnages. La coordonnée est indicative.";"Destination du groupe à la fin d’Éole ; zone de l’adresse historique.";"https://riverrun.org.uk/JJD2.pdf";"https://riverrun.org.uk/JJD2.pdf";"2026-10-07"
"oconnell";"Graham Lemon’s";"49 Lower Sackville Street";"53.347979";"-6.259889";"Adresse historique localisée";"8";"L’adresse de 1904 est rattachée au bâtiment ou à la parcelle recensés aujourd’hui sous le même numéro. Les intérieurs et activités historiques ne sont pas reconstitués.";"La promenade de Bloom commence près de la confiserie, sur l’actuelle O’Connell Street.";"https://riverrun.org.uk/JJD2.pdf";"https://www.buildingsofireland.ie/niah/search.jsp?type=record&county=DU&regno=50010506";"2026-10-07"
"ballast";"Ballast Office";"Westmoreland Street, près du pont";"53.34695";"-6.2591";"Adresse historique localisée";"8";"Position reportée de la carte historique sur la géographie actuelle. Ce n’est pas un relevé du bâtiment ni des mouvements des personnages. La coordonnée est indicative.";"Bloom regarde le signal horaire. Le bâtiment historique a disparu ; le point marque son emplacement.";"https://riverrun.org.uk/JJD2.pdf";"https://riverrun.org.uk/JJD2.pdf";"2026-10-07"
"moore";"Statue de Thomas Moore";"College Street";"53.345192";"-6.258914";"Bâtiment ou monument recensé";"8";"Coordonnées WGS84 du point recensé par le NIAH. Elles identifient le bâtiment ou le monument, sans certifier l’entrée ni la position du personnage.";"Repère de la promenade dans le centre.";"https://riverrun.org.uk/JJD2.pdf";"https://www.buildingsofireland.ie/niah/search.jsp?type=record&county=DU&regno=50020371";"2026-10-07"
"trinitygate";"Entrée de Trinity College";"College Green";"53.344457";"-6.258953";"Bâtiment ou monument recensé";"10";"Coordonnées WGS84 du point recensé par le NIAH. Elles identifient le bâtiment ou le monument, sans certifier l’entrée ni la position du personnage.";"Stephen y rencontre le professeur de chant Almidano Artifoni.";"https://riverrun.org.uk/JJD2.pdf";"https://www.buildingsofireland.ie/niah/search.jsp?type=record&county=DU&regno=50020376";"2026-10-07"
"provost";"Provost’s House";"1 Grafton Street";"53.343594";"-6.258711";"Bâtiment ou monument recensé";"8";"Coordonnées WGS84 du point recensé par le NIAH. Elles identifient le bâtiment ou le monument, sans certifier l’entrée ni la position du personnage.";"Bloom rencontre A. E. près de la maison du provost.";"https://riverrun.org.uk/JJD2.pdf";"https://www.buildingsofireland.ie/niah/search.jsp?type=record&county=DU&regno=50020381";"2026-10-07"
"adam";"Adam Court";"Passage latéral de Grafton Street";"53.34291";"-6.2589";"Tronçon de rue · point de repère";"8";"Position reportée de la carte historique sur la géographie actuelle. Ce n’est pas un relevé du bâtiment ni des mouvements des personnages. La coordonnée est indicative.";"Bloom voit l’entrée de la cour et se souvient de lieux du centre.";"https://riverrun.org.uk/JJD2.pdf";"https://riverrun.org.uk/JJD2.pdf";"2026-10-07"
"burton";"Burton Restaurant";"18 Duke Street";"53.341803";"-6.258972";"Adresse historique localisée";"8";"L’adresse de 1904 est rattachée au bâtiment ou à la parcelle recensés aujourd’hui sous le même numéro. Les intérieurs et activités historiques ne sont pas reconstitués.";"Bloom entre puis ressort, dégoûté par les habitudes des clients.";"https://riverrun.org.uk/JJD2.pdf";"https://www.buildingsofireland.ie/niah/search.jsp?type=record&county=DU&regno=50100042";"2026-10-07"
"davy";"Davy Byrne’s";"21 Duke Street";"53.341853";"-6.259337";"Bâtiment ou monument recensé";"8";"Coordonnées WGS84 du point recensé par le NIAH. Elles identifient le bâtiment ou le monument, sans certifier l’entrée ni la position du personnage.";"Le pub du déjeuner de Bloom : gorgonzola et bourgogne.";"https://riverrun.org.uk/JJD2.pdf";"https://www.buildingsofireland.ie/niah/search.jsp?type=record&county=DU&regno=50100039";"2026-10-07"
"dawson";"Dawson Street";"Après le déjeuner";"53.341701";"-6.25834";"Tronçon de rue · point de repère";"8";"Le point NIAH d’un bâtiment de la rue sert de repère cartographique au tronçon parcouru. Ce n’est pas un arrêt du personnage.";"Le point NIAH d’un bâtiment de la rue sert de repère cartographique au tronçon parcouru. Ce n’est pas un arrêt du personnage.";"https://riverrun.org.uk/JJD2.pdf";"https://www.buildingsofireland.ie/niah/search.jsp?type=record&county=DU&regno=50100048";"2026-10-07"
"molesworth";"Molesworth Street";"Vers Kildare Street";"53.341112";"-6.256129";"Tronçon de rue · point de repère";"8";"Le point NIAH d’un bâtiment de la rue sert de repère cartographique au tronçon parcouru. Ce n’est pas un arrêt du personnage.";"Le point NIAH d’un bâtiment de la rue sert de repère cartographique au tronçon parcouru. Ce n’est pas un arrêt du personnage.";"https://riverrun.org.uk/JJD2.pdf";"https://www.buildingsofireland.ie/niah/search.jsp?type=record&county=DU&regno=50100106";"2026-10-07"
"freemasons";"Freemasons’ Hall";"17–18 Molesworth Street";"53.341087";"-6.255961";"Bâtiment ou monument recensé";"8";"Coordonnées WGS84 du point recensé par le NIAH. Elles identifient le bâtiment ou le monument, sans certifier l’entrée ni la position du personnage.";"Bloom passe près du siège maçonnique.";"https://riverrun.org.uk/JJD2.pdf";"https://www.buildingsofireland.ie/niah/search.jsp?type=record&county=DU&regno=50100107";"2026-10-07"
"library";"National Library of Ireland";"Kildare Street";"53.341045";"-6.254515";"Bâtiment ou monument recensé";"8, 9";"Coordonnées WGS84 du point recensé par le NIAH. Elles identifient le bâtiment ou le monument, sans certifier l’entrée ni la position du personnage.";"Bibliothèque de la discussion sur Shakespeare. Le point marque le bâtiment, pas la salle du dialogue.";"https://riverrun.org.uk/JJD2.pdf";"https://www.buildingsofireland.ie/niah/search.jsp?type=record&county=DU&regno=50100219";"2026-10-07"
"museum";"National Museum of Ireland";"Kildare Street";"53.340367";"-6.254868";"Bâtiment ou monument recensé";"8";"Coordonnées WGS84 du point recensé par le NIAH. Elles identifient le bâtiment ou le monument, sans certifier l’entrée ni la position du personnage.";"Bloom se détourne vers le musée pour éviter Boylan à la fin des Lestrygons.";"https://riverrun.org.uk/JJD2.pdf";"https://www.buildingsofireland.ie/niah/search.jsp?type=record&county=DU&regno=50100222";"2026-10-07"
"gardiner";"Presbytère de St Francis Xavier";"54 Upper Gardiner Street";"53.358133";"-6.260184";"Bâtiment ou monument recensé";"10";"Coordonnées WGS84 du point recensé par le NIAH. Elles identifient le bâtiment ou le monument, sans certifier l’entrée ni la position du personnage.";"Le père Conmee descend les marches du presbytère. L’inventaire le distingue de l’église.";"https://riverrun.org.uk/JJD2.pdf";"https://www.buildingsofireland.ie/niah/search.jsp?type=record&county=DU&regno=50010877";"2026-10-07"
"aldborough";"Aldborough House";"Portland Row";"53.355152";"-6.248138";"Bâtiment ou monument recensé";"10";"Coordonnées WGS84 du point recensé par le NIAH. Elles identifient le bâtiment ou le monument, sans certifier l’entrée ni la position du personnage.";"Repère de la promenade de Conmee vers North Strand.";"https://riverrun.org.uk/JJD2.pdf";"https://www.buildingsofireland.ie/niah/search.jsp?type=record&county=DU&regno=50010082";"2026-10-07"
"newcomen";"Newcomen Bridge";"North Strand / Royal Canal";"53.356532";"-6.244251";"Bâtiment ou monument recensé";"10";"Coordonnées WGS84 du point recensé par le NIAH. Elles identifient le bâtiment ou le monument, sans certifier l’entrée ni la position du personnage.";"Conmee monte dans le tram de Dollymount.";"https://riverrun.org.uk/JJD2.pdf";"https://www.buildingsofireland.ie/niah/search.jsp?type=record&county=DU&regno=50010063";"2026-10-07"
"ivy";"Ivy Church / St Barnabas";"61 North Strand Road, en 1904";"53.35856";"-6.241929";"Adresse historique localisée";"10";"L’adresse de 1904 est rattachée au bâtiment ou à la parcelle recensés aujourd’hui sous le même numéro. Les intérieurs et activités historiques ne sont pas reconstitués.";"Édifice religieux aperçu pendant le trajet en tram.";"https://riverrun.org.uk/JJD2.pdf";"https://www.buildingsofireland.ie/niah/search.jsp?type=record&county=DU&regno=50120235";"2026-10-07"
"annesley";"Annesley Bridge";"Traversée de la Tolka";"53.360858";"-6.238719";"Bâtiment ou monument recensé";"10";"Coordonnées WGS84 du point recensé par le NIAH. Elles identifient le bâtiment ou le monument, sans certifier l’entrée ni la position du personnage.";"Repère du trajet de Conmee avant sa descente du tram.";"https://riverrun.org.uk/JJD2.pdf";"https://www.buildingsofireland.ie/niah/search.jsp?type=record&county=DU&regno=50120203";"2026-10-07"
"howth";"Carrefour de Howth Road";"Conmee descend du tram";"53.363";"-6.2345";"Tronçon de rue · point de repère";"10";"Position reportée de la carte historique sur la géographie actuelle. Ce n’est pas un relevé du bâtiment ni des mouvements des personnages. La coordonnée est indicative.";"La promenade continue vers Malahide Road et Artane ; le point ne situe pas la rencontre finale dans la campagne.";"https://riverrun.org.uk/JJD2.pdf";"https://riverrun.org.uk/JJD2.pdf";"2026-10-07"
"kelleher";"L’entreprise funéraire de H. J. O’Neill";"164 North Strand Road, en 1904";"53.3553";"-6.2458";"Adresse historique localisée";"10";"Position reportée de la carte historique sur la géographie actuelle. Ce n’est pas un relevé du bâtiment ni des mouvements des personnages. La coordonnée est indicative.";"Corny Kelleher travaille aux pompes funèbres. Site indicatif : la parcelle n’est pas certifiée.";"https://riverrun.org.uk/JJD2.pdf";"https://riverrun.org.uk/JJD2.pdf";"2026-10-07"
"grafton";"Thornton’s";"63 Grafton Street";"53.340677";"-6.260964";"Adresse historique localisée";"10";"L’adresse de 1904 est rattachée au bâtiment ou à la parcelle recensés aujourd’hui sous le même numéro. Les intérieurs et activités historiques ne sont pas reconstitués.";"Boylan achète un cadeau pour Molly. L’adresse a été corrigée dans la partie sud de la rue.";"https://riverrun.org.uk/JJD2.pdf";"https://www.buildingsofireland.ie/niah/search.jsp?type=record&county=DU&regno=50920061";"2026-10-07"
"dunne";"Le bureau de Miss Dunne";"Peut-être 15 D’Olier Street";"53.3462";"-6.2581";"Localisation incertaine";"10";"Position reportée de la carte historique sur la géographie actuelle. Ce n’est pas un relevé du bâtiment ni des mouvements des personnages. La coordonnée est indicative.";"L’identification avec The Advertising Co. est une hypothèse de Gunn et Hart, pas une adresse établie par le texte.";"https://riverrun.org.uk/JJD2.pdf";"https://riverrun.org.uk/JJD2.pdf";"2026-10-07"
"abbey";"St Mary’s Abbey · salle capitulaire";"Meetinghouse Lane";"53.347475";"-6.269304";"Bâtiment ou monument recensé";"10";"Coordonnées WGS84 du point recensé par le NIAH. Elles identifient le bâtiment ou le monument, sans certifier l’entrée ni la position du personnage.";"Ned Lambert accompagne le révérend Love dans la salle capitulaire.";"https://riverrun.org.uk/JJD2.pdf";"https://www.buildingsofireland.ie/niah/search.jsp?type=record&county=DU&regno=50060660";"2026-10-07"
"crampton";"Crampton Court";"Rochford, Lenehan et M’Coy";"53.3445";"-6.2646";"Tronçon de rue · point de repère";"10";"Position reportée de la carte historique sur la géographie actuelle. Ce n’est pas un relevé du bâtiment ni des mouvements des personnages. La coordonnée est indicative.";"Point de départ de la promenade de Lenehan et M’Coy.";"https://riverrun.org.uk/JJD2.pdf";"https://riverrun.org.uk/JJD2.pdf";"2026-10-07"
"merchants";"Merchants’ Arch";"Wellington Quay / Temple Bar";"53.345951";"-6.26281";"Bâtiment ou monument recensé";"10, 11";"Coordonnées WGS84 du point recensé par le NIAH. Elles identifient le bâtiment ou le monument, sans certifier l’entrée ni la position du personnage.";"Bloom est aperçu près des livres. Gunn et Hart n’établissent pas avec certitude que l’emprunt de Sweets of Sin a eu lieu ici.";"https://riverrun.org.uk/JJD2.pdf";"https://www.buildingsofireland.ie/niah/search.jsp?type=record&county=DU&regno=50020156";"2026-10-07"
"kernan";"Crimmins’s";"27–28 James’s Street";"53.342933";"-6.290972";"Adresse historique localisée";"10";"L’adresse de 1904 est rattachée au bâtiment ou à la parcelle recensés aujourd’hui sous le même numéro. Les intérieurs et activités historiques ne sont pas reconstitués.";"Kernan quitte le commerçant et se dirige vers Watling Street.";"https://riverrun.org.uk/JJD2.pdf";"https://www.buildingsofireland.ie/niah/search.jsp?type=record&county=DU&regno=50080297";"2026-10-07"
"watling";"Watling Street";"Descente vers la Liffey";"53.345";"-6.2846";"Tronçon de rue · point de repère";"10";"Position reportée de la carte historique sur la géographie actuelle. Ce n’est pas un relevé du bâtiment ni des mouvements des personnages. La coordonnée est indicative.";"Position reportée de la carte historique sur la géographie actuelle. Ce n’est pas un relevé du bâtiment ni des mouvements des personnages. La coordonnée est indicative.";"https://riverrun.org.uk/JJD2.pdf";"https://riverrun.org.uk/JJD2.pdf";"2026-10-07"
"bloody";"Bloody Bridge";"Aujourd’hui Rory O’More Bridge";"53.346746";"-6.284039";"Bâtiment ou monument recensé";"10";"Coordonnées WGS84 du point recensé par le NIAH. Elles identifient le bâtiment ou le monument, sans certifier l’entrée ni la position du personnage.";"Kernan traverse le fleuve après le passage du cortège vice-royal.";"https://riverrun.org.uk/JJD2.pdf";"https://www.buildingsofireland.ie/niah/search.jsp?type=record&county=DU&regno=50060353";"2026-10-07"
"bedford";"Bedford Row";"Stephen et Dilly, près de Clohissey’s";"53.3461";"-6.2608";"Tronçon de rue · point de repère";"10";"Position reportée de la carte historique sur la géographie actuelle. Ce n’est pas un relevé du bâtiment ni des mouvements des personnages. La coordonnée est indicative.";"La librairie de Clohissey était aux numéros 10–11. Le point représente la rue, sans certifier la boutique.";"https://riverrun.org.uk/JJD2.pdf";"https://riverrun.org.uk/JJD2.pdf";"2026-10-07"
"reddy";"Reddy’s antiques";"19 Lower Ormond Quay, en 1904";"53.34636";"-6.26565";"Adresse historique localisée";"10";"Position reportée de la carte historique sur la géographie actuelle. Ce n’est pas un relevé du bâtiment ni des mouvements des personnages. La coordonnée est indicative.";"Martin Cunningham et ses compagnons apparaissent près de l’antiquaire. Position reportée de la carte historique.";"https://riverrun.org.uk/JJD2.pdf";"https://riverrun.org.uk/JJD2.pdf";"2026-10-07"
"castle";"Castle Courtyard";"Dublin Castle";"53.343";"-6.267";"Zone narrative · centre indicatif";"10";"Position reportée de la carte historique sur la géographie actuelle. Ce n’est pas un relevé du bâtiment ni des mouvements des personnages. La coordonnée est indicative.";"La cour est un des lieux de l’épisode. La position exacte des personnages n’est pas identifiée.";"https://riverrun.org.uk/JJD2.pdf";"https://riverrun.org.uk/JJD2.pdf";"2026-10-07"
"bread";"Dublin Bread Company";"33 Dame Street, en 1904";"53.34407";"-6.26328";"Adresse historique localisée";"10";"Position reportée de la carte historique sur la géographie actuelle. Ce n’est pas un relevé du bâtiment ni des mouvements des personnages. La coordonnée est indicative.";"Haines et Mulligan s’arrêtent au local de la DBC. Parcelle historique indicative.";"https://riverrun.org.uk/JJD2.pdf";"https://riverrun.org.uk/JJD2.pdf";"2026-10-07"
"merrion";"Merrion Square North";"Artifoni, Farrell et le cortège";"53.3401";"-6.2485";"Tronçon de rue · point de repère";"10";"Position reportée de la carte historique sur la géographie actuelle. Ce n’est pas un relevé du bâtiment ni des mouvements des personnages. La coordonnée est indicative.";"Position reportée de la carte historique sur la géographie actuelle. Ce n’est pas un relevé du bâtiment ni des mouvements des personnages. La coordonnée est indicative.";"https://riverrun.org.uk/JJD2.pdf";"https://riverrun.org.uk/JJD2.pdf";"2026-10-07"
"mangan";"Mangan’s";"1–2 William Street, en 1904";"53.343";"-6.2624";"Adresse historique localisée";"10";"Position reportée de la carte historique sur la géographie actuelle. Ce n’est pas un relevé du bâtiment ni des mouvements des personnages. La coordonnée est indicative.";"Le jeune Patrick Dignam achète des steaks et retourne vers Grafton Street. Zone indicative.";"https://riverrun.org.uk/JJD2.pdf";"https://riverrun.org.uk/JJD2.pdf";"2026-10-07"
"viceregal";"Viceregal Lodge";"Aujourd’hui Áras an Uachtaráin";"53.3596";"-6.3172";"Zone narrative · centre indicatif";"10";"Position reportée de la carte historique sur la géographie actuelle. Ce n’est pas un relevé du bâtiment ni des mouvements des personnages. La coordonnée est indicative.";"Le cortège du vice-roi part d’ici. Le point représente l’ensemble de la résidence.";"https://riverrun.org.uk/JJD2.pdf";"https://riverrun.org.uk/JJD2.pdf";"2026-10-07"
"parkgate";"Park Gate";"Entrée de Phoenix Park";"53.348";"-6.2937";"Tronçon de rue · point de repère";"10";"Position reportée de la carte historique sur la géographie actuelle. Ce n’est pas un relevé du bâtiment ni des mouvements des personnages. La coordonnée est indicative.";"Position reportée de la carte historique sur la géographie actuelle. Ce n’est pas un relevé du bâtiment ni des mouvements des personnages. La coordonnée est indicative.";"https://riverrun.org.uk/JJD2.pdf";"https://riverrun.org.uk/JJD2.pdf";"2026-10-07"
"kingsbridge";"King’s Bridge";"Aujourd’hui Seán Heuston Bridge";"53.347396";"-6.291824";"Bâtiment ou monument recensé";"10";"Coordonnées WGS84 du point recensé par le NIAH. Elles identifient le bâtiment ou le monument, sans certifier l’entrée ni la position du personnage.";"Le cortège descend vers les quais.";"https://riverrun.org.uk/JJD2.pdf";"https://www.buildingsofireland.ie/niah/search.jsp?type=record&county=DU&regno=50080033";"2026-10-07"
"fourcourts";"Four Courts";"Inns Quay";"53.34606";"-6.273443";"Bâtiment ou monument recensé";"10";"Coordonnées WGS84 du point recensé par le NIAH. Elles identifient le bâtiment ou le monument, sans certifier l’entrée ni la position du personnage.";"Le cortège passe devant l’ensemble judiciaire.";"https://riverrun.org.uk/JJD2.pdf";"https://www.buildingsofireland.ie/niah/search.jsp?type=record&county=DU&regno=50070269";"2026-10-07"
"grattan";"Grattan / Essex Bridge";"Liffey / Capel Street";"53.345691";"-6.267734";"Bâtiment ou monument recensé";"10, 11";"Coordonnées WGS84 du point recensé par le NIAH. Elles identifient le bâtiment ou le monument, sans certifier l’entrée ni la position du personnage.";"Pont traversé par le cortège et plusieurs personnages.";"https://riverrun.org.uk/JJD2.pdf";"https://www.buildingsofireland.ie/niah/search.jsp?type=record&county=DU&regno=50060361";"2026-10-07"
"cityhall";"City Hall";"Cork Hill";"53.343848";"-6.267159";"Bâtiment ou monument recensé";"10";"Coordonnées WGS84 du point recensé par le NIAH. Elles identifient le bâtiment ou le monument, sans certifier l’entrée ni la position du personnage.";"Le cortège quitte les quais et tourne vers Dame Street.";"https://riverrun.org.uk/JJD2.pdf";"https://www.buildingsofireland.ie/niah/search.jsp?type=record&county=DU&regno=50910009";"2026-10-07"
"nassau";"Nassau Street";"Côté sud de Trinity College";"53.3429";"-6.2568";"Tronçon de rue · point de repère";"10";"Position reportée de la carte historique sur la géographie actuelle. Ce n’est pas un relevé du bâtiment ni des mouvements des personnages. La coordonnée est indicative.";"Position reportée de la carte historique sur la géographie actuelle. Ce n’est pas un relevé du bâtiment ni des mouvements des personnages. La coordonnée est indicative.";"https://riverrun.org.uk/JJD2.pdf";"https://riverrun.org.uk/JJD2.pdf";"2026-10-07"
"mountbridge";"Le pont du Grand Canal";"Lower Mount Street";"53.337541";"-6.24032";"Bâtiment ou monument recensé";"10";"Coordonnées WGS84 du point recensé par le NIAH. Elles identifient le bâtiment ou le monument, sans certifier l’entrée ni la position du personnage.";"Le cortège traverse le Grand Canal, appelé Royal Canal dans la phrase du roman.";"https://riverrun.org.uk/JJD2.pdf";"https://www.buildingsofireland.ie/niah/search.jsp?type=record&county=DU&regno=50100535";"2026-10-07"
"rds";"Royal Dublin Society";"Showgrounds, Ballsbridge";"53.3276";"-6.228";"Zone narrative · centre indicatif";"10";"Position reportée de la carte historique sur la géographie actuelle. Ce n’est pas un relevé du bâtiment ni des mouvements des personnages. La coordonnée est indicative.";"Destination du cortège, au bazar. Le point identifie l’ensemble, pas le pavillon de 1904.";"https://riverrun.org.uk/JJD2.pdf";"https://riverrun.org.uk/JJD2.pdf";"2026-10-07"
"ormond";"Ormond Hotel";"8 Upper Ormond Quay, en 1904";"53.346058";"-6.268986";"Adresse historique localisée";"10, 11";"L’adresse de 1904 est rattachée au bâtiment ou à la parcelle recensés aujourd’hui sous le même numéro. Les intérieurs et activités historiques ne sont pas reconstitués.";"Le NIAH recense l’hôtel sur son site historique. La fiche décrit un état antérieur aux transformations récentes ; le point ne certifie pas l’état actuel de l’hôtel.";"https://riverrun.org.uk/JJD2.pdf";"https://www.buildingsofireland.ie/niah/search.jsp?type=record&county=DU&regno=50070289";"2026-10-07"
"wine";"Wine’s antiques";"35 Wellington Quay, en 1904";"53.34577";"-6.26394";"Adresse historique localisée";"11";"Position reportée de la carte historique sur la géographie actuelle. Ce n’est pas un relevé du bâtiment ni des mouvements des personnages. La coordonnée est indicative.";"Site historique reconstitué près de la parcelle 36 recensée par le NIAH. Le point ne certifie pas le bâtiment au numéro 35.";"https://riverrun.org.uk/JJD2.pdf";"https://riverrun.org.uk/JJD2.pdf";"2026-10-07"
"clarence";"Clarence Hotel";"6–7 Wellington Quay";"53.345348";"-6.266711";"Bâtiment ou monument recensé";"11";"Coordonnées WGS84 du point recensé par le NIAH. Elles identifient le bâtiment ou le monument, sans certifier l’entrée ni la position du personnage.";"Bloom continue vers Essex Bridge. Le point NIAH concerne l’ensemble de l’hôtel.";"https://riverrun.org.uk/JJD2.pdf";"https://www.buildingsofireland.ie/niah/search.jsp?type=record&county=DU&regno=50020034";"2026-10-07"
"kiernan";"Le pub de Barney Kiernan";"8–10 Little Britain Street";"53.3491";"-6.2707";"Adresse historique localisée";"12";"Position reportée de la carte historique sur la géographie actuelle. Ce n’est pas un relevé du bâtiment ni des mouvements des personnages. La coordonnée est indicative.";"Le pub a disparu. Son site est reconstitué d’après la carte historique près du tribunal ; il ne correspond pas à un commerce actuel.";"https://riverrun.org.uk/JJD2.pdf";"https://riverrun.org.uk/JJD2.pdf";"2026-10-07"
"stoney";"Stoneybatter";"La rencontre du narrateur avec Joe Hynes";"53.350665";"-6.281778";"Tronçon de rue · point de repère";"12";"Le point NIAH d’un bâtiment de la rue sert de repère cartographique au tronçon parcouru. Ce n’est pas un arrêt du personnage.";"Le narrateur et Joe se dirigent vers le pub ; le point représente le tronçon de rue.";"https://riverrun.org.uk/JJD2.pdf";"https://www.buildingsofireland.ie/niah/search.jsp?type=record&county=DU&regno=50070188";"2026-10-07"
"green";"Green Street Courthouse";"Green Street";"53.349773";"-6.270856";"Bâtiment ou monument recensé";"12";"Coordonnées WGS84 du point recensé par le NIAH. Elles identifient le bâtiment ou le monument, sans certifier l’entrée ni la position du personnage.";"Cadre des discussions sur le procès ; Bloom est recherché dans le quartier du tribunal.";"https://riverrun.org.uk/JJD2.pdf";"https://www.buildingsofireland.ie/niah/search.jsp?type=record&county=DU&regno=50070300";"2026-10-07"
"hospital";"National Maternity Hospital";"29–31 Holles Street, en 1904";"53.340221";"-6.246027";"Bâtiment ou monument recensé";"14";"Coordonnées WGS84 du point recensé par le NIAH. Elles identifient le bâtiment ou le monument, sans certifier l’entrée ni la position du personnage.";"L’adresse de l’hôpital historique est Holles Street. Le point NIAH concerne l’ensemble, pas la salle des médecins.";"https://riverrun.org.uk/JJD2.pdf";"https://www.buildingsofireland.ie/niah/search.jsp?type=record&county=DU&regno=50100347";"2026-10-07"
"burke";"Burke’s pub";"17 Holles Street, en 1904";"53.3413";"-6.2461";"Adresse historique localisée";"14";"Position reportée de la carte historique sur la géographie actuelle. Ce n’est pas un relevé du bâtiment ni des mouvements des personnages. La coordonnée est indicative.";"Le groupe rejoint le pub après l’hôpital. Point historique indicatif près de Fenian Street.";"https://riverrun.org.uk/JJD2.pdf";"https://riverrun.org.uk/JJD2.pdf";"2026-10-07"
"denzille";"Denzille Lane";"Aujourd’hui Denzille Lane";"53.3417";"-6.247";"Tronçon de rue · point de repère";"14";"Position reportée de la carte historique sur la géographie actuelle. Ce n’est pas un relevé du bâtiment ni des mouvements des personnages. La coordonnée est indicative.";"Stephen et Lynch se dirigent vers la gare ; Bloom les suit.";"https://riverrun.org.uk/JJD2.pdf";"https://riverrun.org.uk/JJD2.pdf";"2026-10-07"
"station";"Westland Row Station";"Aujourd’hui Pearse Station";"53.343324";"-6.248344";"Bâtiment ou monument recensé";"15";"Coordonnées WGS84 du point recensé par le NIAH. Elles identifient le bâtiment ou le monument, sans certifier l’entrée ni la position du personnage.";"Gare de la traversée ferroviaire vers Amiens Street. Le trajet entre les chapitres est reconstitué par les chercheurs.";"https://riverrun.org.uk/JJD2.pdf";"https://www.buildingsofireland.ie/niah/search.jsp?type=record&county=DU&regno=50930337";"2026-10-07"
"amiens";"Amiens Street Station";"Aujourd’hui Connolly Station";"53.351486";"-6.249716";"Bâtiment ou monument recensé";"15, 16";"Coordonnées WGS84 du point recensé par le NIAH. Elles identifient le bâtiment ou le monument, sans certifier l’entrée ni la position du personnage.";"Le point recensé identifie la gare près de Talbot Street.";"https://riverrun.org.uk/JJD2.pdf";"https://www.buildingsofireland.ie/niah/search.jsp?type=record&county=DU&regno=50010119";"2026-10-07"
"talbot";"Talbot Street";"Vers Mabbot Street";"53.3512";"-6.2516";"Tronçon de rue · point de repère";"15";"Position reportée de la carte historique sur la géographie actuelle. Ce n’est pas un relevé du bâtiment ni des mouvements des personnages. La coordonnée est indicative.";"Position reportée de la carte historique sur la géographie actuelle. Ce n’est pas un relevé du bâtiment ni des mouvements des personnages. La coordonnée est indicative.";"https://riverrun.org.uk/JJD2.pdf";"https://riverrun.org.uk/JJD2.pdf";"2026-10-07"
"nighttown";"Entrée de Nighttown";"Mabbot Street, aujourd’hui James Joyce Street";"53.35118";"-6.25321";"Adresse historique localisée";"15";"Position reportée de la carte historique sur la géographie actuelle. Ce n’est pas un relevé du bâtiment ni des mouvements des personnages. La coordonnée est indicative.";"Entrée du quartier de Monto depuis Talbot Street. Les rues actuelles ont été profondément transformées.";"https://riverrun.org.uk/JJD2.pdf";"https://riverrun.org.uk/JJD2.pdf";"2026-10-07"
"bella";"La maison de Bella Cohen";"82 Lower Tyrone Street, aujourd’hui Railway Street";"53.35346";"-6.2506";"Adresse historique localisée";"15";"Position reportée de la carte historique sur la géographie actuelle. Ce n’est pas un relevé du bâtiment ni des mouvements des personnages. La coordonnée est indicative.";"Adresse historique : 82 ; Circé indique 81 et Ithaque 82. La position dans la rue est indicative et ne désigne pas un bâtiment conservé.";"https://riverrun.org.uk/JJD2.pdf";"https://riverrun.org.uk/JJD2.pdf";"2026-10-07"
"beaver";"Beaver Street";"La bagarre avec les soldats";"53.353";"-6.2495";"Zone narrative · centre indicatif";"15, 16";"Position reportée de la carte historique sur la géographie actuelle. Ce n’est pas un relevé du bâtiment ni des mouvements des personnages. La coordonnée est indicative.";"Stephen tombe après l’affrontement. Le point marque une zone historique sans prétendre situer sa chute.";"https://riverrun.org.uk/JJD2.pdf";"https://riverrun.org.uk/JJD2.pdf";"2026-10-07"
"foley";"Montgomery Street";"Aujourd’hui Foley Street";"53.3521";"-6.2511";"Tronçon de rue · point de repère";"16";"Position reportée de la carte historique sur la géographie actuelle. Ce n’est pas un relevé du bâtiment ni des mouvements des personnages. La coordonnée est indicative.";"Tronçon du retour de Bloom et Stephen depuis Nighttown.";"https://riverrun.org.uk/JJD2.pdf";"https://riverrun.org.uk/JJD2.pdf";"2026-10-07"
"shelter";"L’abri des cochers";"Butt Bridge / Loopline";"53.34805";"-6.2545";"Adresse historique localisée";"16, 17";"Position reportée de la carte historique sur la géographie actuelle. Ce n’est pas un relevé du bâtiment ni des mouvements des personnages. La coordonnée est indicative.";"La structure n’existe plus. Le point représente le site entre Beresford Place et le pont ferroviaire, pas une construction actuelle.";"https://riverrun.org.uk/JJD2.pdf";"https://riverrun.org.uk/JJD2.pdf";"2026-10-07"
"beresford";"Beresford Place";"Retour vers Gardiner Street";"53.348561";"-6.255137";"Tronçon de rue · point de repère";"17";"Le point NIAH d’un bâtiment de la rue sert de repère cartographique au tronçon parcouru. Ce n’est pas un arrêt du personnage.";"Le point NIAH d’un bâtiment de la rue sert de repère cartographique au tronçon parcouru. Ce n’est pas un arrêt du personnage.";"https://riverrun.org.uk/JJD2.pdf";"https://www.buildingsofireland.ie/niah/search.jsp?type=record&county=DU&regno=50010301";"2026-10-07"
"lowergardiner";"Lower Gardiner Street";"De l’abri vers la maison";"53.352001";"-6.255059";"Tronçon de rue · point de repère";"17";"Le point NIAH d’un bâtiment de la rue sert de repère cartographique au tronçon parcouru. Ce n’est pas un arrêt du personnage.";"Le point NIAH d’un bâtiment de la rue sert de repère cartographique au tronçon parcouru. Ce n’est pas un arrêt du personnage.";"https://riverrun.org.uk/JJD2.pdf";"https://www.buildingsofireland.ie/niah/search.jsp?type=record&county=DU&regno=50010185";"2026-10-07"
"middlegardiner";"Middle Gardiner Street";"Suite vers Mountjoy Square";"53.3544";"-6.2571";"Tronçon de rue · point de repère";"17";"Position reportée de la carte historique sur la géographie actuelle. Ce n’est pas un relevé du bâtiment ni des mouvements des personnages. La coordonnée est indicative.";"Position reportée de la carte historique sur la géographie actuelle. Ce n’est pas un relevé du bâtiment ni des mouvements des personnages. La coordonnée est indicative.";"https://riverrun.org.uk/JJD2.pdf";"https://riverrun.org.uk/JJD2.pdf";"2026-10-07"
"mountjoy";"Mountjoy Square West";"Côté ouest de la place";"53.356384";"-6.258954";"Tronçon de rue · point de repère";"17";"Le point NIAH d’un bâtiment de la rue sert de repère cartographique au tronçon parcouru. Ce n’est pas un arrêt du personnage.";"Le point NIAH d’un bâtiment de la rue sert de repère cartographique au tronçon parcouru. Ce n’est pas un arrêt du personnage.";"https://riverrun.org.uk/JJD2.pdf";"https://www.buildingsofireland.ie/niah/search.jsp?type=record&county=DU&regno=50010950";"2026-10-07"
"gardinerplace";"Gardiner Place";"Vers Temple Street";"53.3564";"-6.260137";"Tronçon de rue · point de repère";"17";"Le point NIAH d’un bâtiment de la rue sert de repère cartographique au tronçon parcouru. Ce n’est pas un arrêt du personnage.";"Le point NIAH d’un bâtiment de la rue sert de repère cartographique au tronçon parcouru. Ce n’est pas un arrêt du personnage.";"https://riverrun.org.uk/JJD2.pdf";"https://www.buildingsofireland.ie/niah/search.jsp?type=record&county=DU&regno=50010863";"2026-10-07"
"temple";"Temple Street North";"Vers Hardwicke Place";"53.35675";"-6.2614";"Tronçon de rue · point de repère";"17";"Position reportée de la carte historique sur la géographie actuelle. Ce n’est pas un relevé du bâtiment ni des mouvements des personnages. La coordonnée est indicative.";"Position reportée de la carte historique sur la géographie actuelle. Ce n’est pas un relevé du bâtiment ni des mouvements des personnages. La coordonnée est indicative.";"https://riverrun.org.uk/JJD2.pdf";"https://riverrun.org.uk/JJD2.pdf";"2026-10-07"
