"volume","title","place","address_or_area","latitude","longitude","classification","scene","note","position_method","checked","text_source","position_source","additional_source"
"1","Du côté de chez Swann","Maison de tante Léonie · maison Amiot","4 rue du Docteur Proust · Illiers-Combray","48.29985","1.243452","Modèle documenté · lieu fictif","Combray · mémoire et enfance ; modèle réel à Illiers","La maison Amiot est le modèle documenté de la maison de la tante à Combray. L’adresse historique situe la maison ; l’accueil actuel du musée se trouve au 4 place Lemoine. Combray est une reconstruction littéraire.","Point d’adresse officiel BAN fourni par l’IGN. Il identifie l’adresse postale, et non une pièce ou une entrée mesurée. Les décimales ne constituent pas une marge d’erreur mesurée.","2026-10-08","https://www.gutenberg.org/cache/epub/2650/pg2650-images.html","https://data.geopf.fr/geocodage/search?q=4%20Rue%20du%20Docteur%20Proust%2028120%20Illiers-Combray&index=address&limit=3","https://www.amisdeproust.fr/maison-de-tante-leonie"
"1","Du côté de chez Swann","Saint-Hilaire · modèle : Saint-Jacques","Place de l’Église · Illiers-Combray","48.299413","1.244769","Modèle documenté · lieu fictif","Saint-Hilaire domine le paysage remémoré de Combray. Saint-Jacques est présentée comme une inspiration documentée.","Saint-Jacques est une inspiration documentée de Saint-Hilaire. Proust combine des souvenirs architecturaux ; l’église fictive ne correspond pas littéralement à cet édifice.","Fiche de lieu nommé IGN BD TOPO. La coordonnée représente l’objet, et non une entrée ou la position exacte d’un personnage.","2026-10-08","https://www.gutenberg.org/cache/epub/2650/pg2650-images.html","https://data.geopf.fr/geocodage/search?q=Eglise%20Saint%20Jacques%20Illiers%20Combray&index=poi&limit=3","https://www.tourisme28.com/experiences/illiers-combray-le-berceau-litteraire-de-marcel-proust/"
"1","Du côté de chez Swann","Parc de Tansonville · modèle : Pré Catelan","Route de Tansonville · Illiers-Combray","48.2973271","1.2404251","Modèle documenté · lieu fictif","Le parc de Swann et Gilberte appartiennent aux promenades d’enfance ; le jardin réel est présenté comme un modèle.","Le jardin créé par Jules Amiot a inspiré le parc de Swann. Ce repère situe le jardin réel, non un emplacement vérifié de la maison fictive de Swann ou de sa haie d’aubépines.","Coordonnée publiée par Eure-et-Loir Tourisme sur Cirkwi, reproduite sans modification. C’est le point touristique du jardin, non le relevé d’une scène.","2026-10-08","https://www.gutenberg.org/cache/epub/2650/pg2650-images.html","https://www.cirkwi.com/fr/point-interet/3250342-le-pre-catelan","https://www.tourisme28.com/experiences/illiers-combray-le-berceau-litteraire-de-marcel-proust/"
"1","Du côté de chez Swann","Quai d’Orléans","Île Saint-Louis · Paris","48.851767","2.35449","Voie citée · numéro non vérifié","La première demeure parisienne de Swann est quai d’Orléans. Le numéro n’est pas établi.","Une voie réelle accueille l’adresse fictive. La maison du roman n’est pas attribuée à un édifice existant numéroté.","Point représentatif IGN/BAN de la voie citée. Aucun numéro n’est vérifié ici dans le roman ; le repère ne désigne pas une maison précise.","2026-10-08","https://www.gutenberg.org/cache/epub/2650/pg2650-images.html","https://data.geopf.fr/geocodage/search?q=Quai%20d%20Orleans%20Paris&index=address&limit=3","https://www.carnavalet.paris.fr/sites/default/files/2022-03/dossier_pedagogique_proust_et_paris_vdef.pdf"
"1","Du côté de chez Swann","Rue La Pérouse","Près de l’Arc de Triomphe · Paris","48.87031","2.293728","Voie citée · numéro non vérifié","Swann accompagne Odette chez elle rue La Pérouse. Le repère identifie la rue.","Une voie réelle accueille l’adresse fictive. La maison du roman n’est pas attribuée à un édifice existant numéroté.","Point représentatif IGN/BAN de la voie citée. Aucun numéro n’est vérifié ici dans le roman ; le repère ne désigne pas une maison précise.","2026-10-08","https://www.gutenberg.org/cache/epub/2650/pg2650-images.html","https://data.geopf.fr/geocodage/search?q=Rue%20La%20Perouse%20Paris&index=address&limit=3","https://www.carnavalet.paris.fr/sites/default/files/2022-03/dossier_pedagogique_proust_et_paris_vdef.pdf"
"1","Du côté de chez Swann","Rue Montalivet","Paris · 8e","48.870978","2.318781","Voie citée · numéro non vérifié","Le premier salon des Verdurin se trouve rue Montalivet, adresse rappelée explicitement dans La Prisonnière.","Une voie réelle accueille l’adresse fictive. La maison du roman n’est pas attribuée à un édifice existant numéroté.","Point représentatif IGN/BAN de la voie citée. Aucun numéro n’est vérifié ici dans le roman ; le repère ne désigne pas une maison précise.","2026-10-08","https://www.gutenberg.org/cache/epub/60720/pg60720-images.html","https://data.geopf.fr/geocodage/search?q=Rue%20de%20Montalivet%20Paris&index=address&limit=3","https://www.carnavalet.paris.fr/sites/default/files/2022-03/dossier_pedagogique_proust_et_paris_vdef.pdf"
"1","Du côté de chez Swann","Jardins des Champs-Élysées","Jardins entre Concorde et le Rond-Point · Paris","48.867426","2.318928","Zone réelle citée · point représentatif","Le narrateur espère rencontrer Gilberte dans les jardins et partage ses jeux.","Les jardins constituent un cadre explicite. Le point d’adresse du 1 avenue Gabriel sert uniquement de repère sur leur bord nord. Ni le lieu de rencontre avec Gilberte ni le pavillon d’aisance ne sont localisés précisément.","Point d’adresse officiel BAN fourni par l’IGN. Il identifie l’adresse postale, et non une pièce ou une entrée mesurée. Les décimales ne constituent pas une marge d’erreur mesurée.","2026-10-08","https://www.gutenberg.org/cache/epub/2650/pg2650-images.html","https://data.geopf.fr/geocodage/search?q=1%20Avenue%20Gabriel%2075008%20Paris&limit=1","https://www.carnavalet.paris.fr/sites/default/files/2022-03/dossier_pedagogique_proust_et_paris_vdef.pdf"
"1","Du côté de chez Swann","Pont de la Concorde","Seine · Paris","48.863382","2.319592","Édifice réel identifié","Avec Françoise, le narrateur va au pont regarder la Seine gelée.","Le texte nomme le pont lors d’une sortie pour voir la Seine gelée. La fiche situe le pont dans son ensemble.","Fiche de lieu nommé IGN BD TOPO. La coordonnée représente l’objet, et non une entrée ou la position exacte d’un personnage.","2026-10-08","https://www.gutenberg.org/cache/epub/2650/pg2650-images.html","https://data.geopf.fr/geocodage/search?q=Pont%20de%20la%20Concorde%20Paris&index=poi&limit=3","https://www.carnavalet.paris.fr/sites/default/files/2022-03/dossier_pedagogique_proust_et_paris_vdef.pdf"
"1","Du côté de chez Swann","Bois de Boulogne","Paris · 16e","48.862802","2.250802","Zone réelle citée · point représentatif","Les promenades d’Odette et le retour final au Bois relient le désir à la perte du passé.","Le parc revient à plusieurs reprises. Le repère représente l’ensemble du bois, sans tracer une promenade précise. La Ville de Paris identifie l’allée des Acacias à l’actuelle avenue de Longchamp, et non à la rue des Acacias.","Fiche de lieu nommé IGN BD TOPO. La coordonnée représente l’objet, et non une entrée ou la position exacte d’un personnage.","2026-10-08","https://www.gutenberg.org/cache/epub/2650/pg2650-images.html","https://data.geopf.fr/geocodage/search?q=Bois%20de%20Boulogne&index=poi&lat=48.86&lon=2.25&limit=3","https://www.carnavalet.paris.fr/sites/default/files/2022-03/dossier_pedagogique_proust_et_paris_vdef.pdf"
"2","À l’ombre des jeunes filles en fleurs","Jardins des Champs-Élysées","Jardins entre Concorde et le Rond-Point · Paris","48.867426","2.318928","Zone réelle citée · point représentatif","Jeux, affection et déception prolongent la relation du narrateur avec Gilberte.","Les jardins constituent un cadre explicite. Le point d’adresse du 1 avenue Gabriel sert uniquement de repère sur leur bord nord. Ni le lieu de rencontre avec Gilberte ni le pavillon d’aisance ne sont localisés précisément.","Point d’adresse officiel BAN fourni par l’IGN. Il identifie l’adresse postale, et non une pièce ou une entrée mesurée. Les décimales ne constituent pas une marge d’erreur mesurée.","2026-10-08","https://www.gutenberg.org/cache/epub/2650/pg2650-images.html","https://data.geopf.fr/geocodage/search?q=1%20Avenue%20Gabriel%2075008%20Paris&limit=1","https://www.carnavalet.paris.fr/sites/default/files/2022-03/dossier_pedagogique_proust_et_paris_vdef.pdf"
"2","À l’ombre des jeunes filles en fleurs","Grand Hôtel de Balbec · modèle : Cabourg","Grand Hôtel · Cabourg","49.293945","-0.115781","Modèle documenté · lieu fictif","L’hôtel de Balbec encadre le séjour au bord de la mer et les rencontres du narrateur. Cabourg est son modèle documenté.","Le Grand Hôtel de Cabourg est un modèle documenté de l’hôtel de Balbec. La station fictive combine plusieurs lieux normands. Aucune chambre ni fenêtre précise n’est attribuée au narrateur.","Fiche de lieu nommé IGN BD TOPO. La coordonnée représente l’objet, et non une entrée ou la position exacte d’un personnage.","2026-10-08","https://www.gutenberg.org/cache/epub/2999/pg2999-images.html","https://data.geopf.fr/geocodage/search?q=Grand%20Hotel%20Cabourg&index=poi&limit=3","https://villadutempsretrouve.com/le-concept/"
"2","À l’ombre des jeunes filles en fleurs","Front de mer de Balbec · modèle : promenade de Cabourg","Promenade Marcel Proust · Cabourg","49.293405","-0.119779","Modèle documenté · lieu fictif","Les jeunes filles et Albertine apparaissent sur le front de mer de Balbec. La promenade de Cabourg est montrée comme modèle, sans point exact de rencontre.","Le front de mer de Cabourg éclaire le modèle de Balbec. Le repère est le point représentatif BAN de la promenade actuelle ; il ne situe pas la première apparition du groupe d’Albertine.","Point représentatif IGN/BAN de la voie citée. Aucun numéro n’est vérifié ici dans le roman ; le repère ne désigne pas une maison précise.","2026-10-08","https://www.gutenberg.org/cache/epub/3000/pg3000-images.html","https://data.geopf.fr/geocodage/search?q=Promenade%20Marcel%20Proust%20Cabourg&index=address&limit=3","https://villadutempsretrouve.com/le-concept/"
"3","Le Côté de Guermantes","Guermantes à Paris · repère faubourg Saint-Honoré","Rue du Faubourg Saint-Honoré · Paris","48.872667","2.311581","Zone réelle citée · point représentatif","L’appartement familial et la demeure des Guermantes sont des intérieurs privés fictifs ; la rue sert uniquement de repère.","Les faubourgs aristocratiques sont recomposés dans le roman. Carnavalet situe la demeure des Guermantes dans le cadre du faubourg Saint-Honoré. Ce point représentatif de la rue ne prétend pas localiser leur maison fictive.","Point représentatif IGN/BAN de la voie citée. Aucun numéro n’est vérifié ici dans le roman ; le repère ne désigne pas une maison précise.","2026-10-08","https://www.gutenberg.org/cache/epub/8946/pg8946-images.html","https://data.geopf.fr/geocodage/search?q=Rue%20du%20Faubourg%20Saint%20Honore%2075008%20Paris&index=address&limit=3","https://www.carnavalet.paris.fr/sites/default/files/2022-03/dossier_pedagogique_proust_et_paris_vdef.pdf"
"3","Le Côté de Guermantes","Palais Garnier","8 rue Scribe · Paris","48.872666","2.331232","Édifice réel identifié","Le théâtre et l’Opéra offrent une vue sur le monde des Guermantes autant qu’une expérience artistique.","L’Opéra participe à l’éducation artistique et mondaine du narrateur. Le point d’adresse situe l’édifice, non la loge des Guermantes ou une place précise.","Point d’adresse officiel BAN fourni par l’IGN. Il identifie l’adresse postale, et non une pièce ou une entrée mesurée. Les décimales ne constituent pas une marge d’erreur mesurée.","2026-10-08","https://www.gutenberg.org/cache/epub/8946/pg8946-images.html","https://data.geopf.fr/geocodage/search?q=8%20Rue%20Scribe%2075009%20Paris&index=address&limit=3","https://www.carnavalet.paris.fr/sites/default/files/2022-03/dossier_pedagogique_proust_et_paris_vdef.pdf"
"3","Le Côté de Guermantes","Jardins des Champs-Élysées","Jardins entre Concorde et le Rond-Point · Paris","48.867426","2.318928","Zone réelle citée · point représentatif","Une sortie avec sa grand-mère précède sa grave maladie ; Carnavalet identifie les jardins comme le cadre de cet épisode.","Les jardins constituent un cadre explicite. Le point d’adresse du 1 avenue Gabriel sert uniquement de repère sur leur bord nord. Ni le lieu de rencontre avec Gilberte ni le pavillon d’aisance ne sont localisés précisément.","Point d’adresse officiel BAN fourni par l’IGN. Il identifie l’adresse postale, et non une pièce ou une entrée mesurée. Les décimales ne constituent pas une marge d’erreur mesurée.","2026-10-08","https://www.gutenberg.org/cache/epub/2650/pg2650-images.html","https://data.geopf.fr/geocodage/search?q=1%20Avenue%20Gabriel%2075008%20Paris&limit=1","https://www.carnavalet.paris.fr/sites/default/files/2022-03/dossier_pedagogique_proust_et_paris_vdef.pdf"
"4","Sodome et Gomorrhe","Guermantes à Paris · repère faubourg Saint-Honoré","Rue du Faubourg Saint-Honoré · Paris","48.872667","2.311581","Zone réelle citée · point représentatif","L’appartement familial et la demeure des Guermantes sont des intérieurs privés fictifs ; la rue sert uniquement de repère.","Les faubourgs aristocratiques sont recomposés dans le roman. Carnavalet situe la demeure des Guermantes dans le cadre du faubourg Saint-Honoré. Ce point représentatif de la rue ne prétend pas localiser leur maison fictive.","Point représentatif IGN/BAN de la voie citée. Aucun numéro n’est vérifié ici dans le roman ; le repère ne désigne pas une maison précise.","2026-10-08","https://www.gutenberg.org/cache/epub/8946/pg8946-images.html","https://data.geopf.fr/geocodage/search?q=Rue%20du%20Faubourg%20Saint%20Honore%2075008%20Paris&index=address&limit=3","https://www.carnavalet.paris.fr/sites/default/files/2022-03/dossier_pedagogique_proust_et_paris_vdef.pdf"
"4","Sodome et Gomorrhe","Grand Hôtel de Balbec · modèle : Cabourg","Grand Hôtel · Cabourg","49.293945","-0.115781","Modèle documenté · lieu fictif","Le second séjour à Balbec réveille le souvenir douloureux de la grand-mère.","Le Grand Hôtel de Cabourg est un modèle documenté de l’hôtel de Balbec. La station fictive combine plusieurs lieux normands. Aucune chambre ni fenêtre précise n’est attribuée au narrateur.","Fiche de lieu nommé IGN BD TOPO. La coordonnée représente l’objet, et non une entrée ou la position exacte d’un personnage.","2026-10-08","https://www.gutenberg.org/cache/epub/2999/pg2999-images.html","https://data.geopf.fr/geocodage/search?q=Grand%20Hotel%20Cabourg&index=poi&limit=3","https://villadutempsretrouve.com/le-concept/"
"4","Sodome et Gomorrhe","Front de mer de Balbec · modèle : promenade de Cabourg","Promenade Marcel Proust · Cabourg","49.293405","-0.119779","Modèle documenté · lieu fictif","Les jeunes filles et Albertine apparaissent sur le front de mer de Balbec. La promenade de Cabourg est montrée comme modèle, sans point exact de rencontre.","Le front de mer de Cabourg éclaire le modèle de Balbec. Le repère est le point représentatif BAN de la promenade actuelle ; il ne situe pas la première apparition du groupe d’Albertine.","Point représentatif IGN/BAN de la voie citée. Aucun numéro n’est vérifié ici dans le roman ; le repère ne désigne pas une maison précise.","2026-10-08","https://www.gutenberg.org/cache/epub/3000/pg3000-images.html","https://data.geopf.fr/geocodage/search?q=Promenade%20Marcel%20Proust%20Cabourg&index=address&limit=3","https://villadutempsretrouve.com/le-concept/"
"5","La Prisonnière","Guermantes à Paris · repère faubourg Saint-Honoré","Rue du Faubourg Saint-Honoré · Paris","48.872667","2.311581","Zone réelle citée · point représentatif","L’appartement familial et la demeure des Guermantes sont des intérieurs privés fictifs ; la rue sert uniquement de repère.","Les faubourgs aristocratiques sont recomposés dans le roman. Carnavalet situe la demeure des Guermantes dans le cadre du faubourg Saint-Honoré. Ce point représentatif de la rue ne prétend pas localiser leur maison fictive.","Point représentatif IGN/BAN de la voie citée. Aucun numéro n’est vérifié ici dans le roman ; le repère ne désigne pas une maison précise.","2026-10-08","https://www.gutenberg.org/cache/epub/8946/pg8946-images.html","https://data.geopf.fr/geocodage/search?q=Rue%20du%20Faubourg%20Saint%20Honore%2075008%20Paris&index=address&limit=3","https://www.carnavalet.paris.fr/sites/default/files/2022-03/dossier_pedagogique_proust_et_paris_vdef.pdf"
"5","La Prisonnière","Bois de Boulogne","Paris · 16e","48.862802","2.250802","Zone réelle citée · point représentatif","De rares sorties avec Albertine interrompent son confinement dans l’appartement.","Le parc revient à plusieurs reprises. Le repère représente l’ensemble du bois, sans tracer une promenade précise. La Ville de Paris identifie l’allée des Acacias à l’actuelle avenue de Longchamp, et non à la rue des Acacias.","Fiche de lieu nommé IGN BD TOPO. La coordonnée représente l’objet, et non une entrée ou la position exacte d’un personnage.","2026-10-08","https://www.gutenberg.org/cache/epub/2650/pg2650-images.html","https://data.geopf.fr/geocodage/search?q=Bois%20de%20Boulogne&index=poi&lat=48.86&lon=2.25&limit=3","https://www.carnavalet.paris.fr/sites/default/files/2022-03/dossier_pedagogique_proust_et_paris_vdef.pdf"
"5","La Prisonnière","Rue Bonaparte · débouché sur le quai","Rue Bonaparte / Quai Malaquais · Paris","48.857471","2.335289","Zone réelle citée · point représentatif","Le narrateur arrête sa voiture et rejoint Brichot près du débouché de la rue Bonaparte sur le quai.","Le narrateur rencontre Brichot au coin de la rue Bonaparte en approchant des Verdurin. Le point BAN du numéro 1 sert de repère pour ce carrefour, non pour l’arrêt exact du tramway ou la maison des Verdurin.","Point d’adresse officiel BAN fourni par l’IGN. Il identifie l’adresse postale, et non une pièce ou une entrée mesurée. Les décimales ne constituent pas une marge d’erreur mesurée.","2026-10-08","https://www.gutenberg.org/cache/epub/60720/pg60720-images.html","https://data.geopf.fr/geocodage/search?q=1%20Rue%20Bonaparte%2075006%20Paris&index=address&limit=3","https://www.carnavalet.paris.fr/sites/default/files/2022-03/dossier_pedagogique_proust_et_paris_vdef.pdf"
"5","La Prisonnière","Quai de Conti","Paris · 6e","48.856627","2.338725","Voie citée · numéro non vérifié","Le salon Verdurin accueille la soirée musicale organisée par Charlus et la rupture avec Morel.","Le salon ultérieur des Verdurin se trouve sur ce quai. Leur Hôtel des Ambassadeurs de Venise est fictif ; le repère ne l’identifie ni à l’Institut de France ni à la Monnaie.","Point représentatif IGN/BAN de la voie citée. Aucun numéro n’est vérifié ici dans le roman ; le repère ne désigne pas une maison précise.","2026-10-08","https://www.gutenberg.org/cache/epub/60720/pg60720-images.html","https://data.geopf.fr/geocodage/search?q=Quai%20de%20Conti%20Paris&index=address&limit=3","https://www.carnavalet.paris.fr/sites/default/files/2022-03/dossier_pedagogique_proust_et_paris_vdef.pdf"
"6","Albertine disparue","Bois de Boulogne","Paris · 16e","48.862802","2.250802","Zone réelle citée · point représentatif","Le narrateur revient au Bois après la mort d’Albertine, retrouvant le paysage de leurs sorties.","Le parc revient à plusieurs reprises. Le repère représente l’ensemble du bois, sans tracer une promenade précise. La Ville de Paris identifie l’allée des Acacias à l’actuelle avenue de Longchamp, et non à la rue des Acacias.","Fiche de lieu nommé IGN BD TOPO. La coordonnée représente l’objet, et non une entrée ou la position exacte d’un personnage.","2026-10-08","https://www.gutenberg.org/cache/epub/2650/pg2650-images.html","https://data.geopf.fr/geocodage/search?q=Bois%20de%20Boulogne&index=poi&lat=48.86&lon=2.25&limit=3","https://www.carnavalet.paris.fr/sites/default/files/2022-03/dossier_pedagogique_proust_et_paris_vdef.pdf"
"6","Albertine disparue","Basilique Saint-Marc","San Marco · Venise","45.43455","12.3395","Édifice réel identifié","Le campanile aperçu depuis le logement et la Piazzetta voisine rythment les matins vénitiens ; le repère situe le complexe de la basilique.","Saint-Marc appartient au cadre vénitien explicitement nommé. La coordonnée situe la basilique, non le baptistère, le campanile ou la Piazzetta voisine comme points distincts.","Coordonnées géographiques publiées, converties des degrés, minutes et secondes en WGS84. Cette source secondaire situe le monument ou la zone, non un tableau, une pièce ou une marche précis.","2026-10-08","https://www.gutenberg.org/cache/epub/64428/pg64428-images.html","https://it.wikipedia.org/wiki/Basilica_di_San_Marco","https://www.basilicasanmarco.it/"
"6","Albertine disparue","Grand Canal","Venise","45.436667","12.332778","Zone réelle citée · point représentatif","Le narrateur retrouve sa mère sur la Piazzetta, puis ils remontent le Grand Canal en gondole.","Le narrateur et sa mère parcourent le canal en gondole. Le repère est une coordonnée représentative de cette longue voie d’eau. L’hôtel sans nom du roman et le débarcadère exact ne sont pas identifiés.","Coordonnées géographiques publiées, converties des degrés, minutes et secondes en WGS84. Cette source secondaire situe le monument ou la zone, non un tableau, une pièce ou une marche précis.","2026-10-08","https://www.gutenberg.org/cache/epub/64428/pg64428-images.html","https://it.wikipedia.org/wiki/Canal_Grande","https://www.veneziaunica.it/"
"6","Albertine disparue","Scuola di San Giorgio degli Schiavoni","Castello · Venise","45.436264","12.345978","Édifice réel identifié","Les peintures de Carpaccio ravivent de façon inattendue un souvenir douloureux d’Albertine.","La visite et les peintures de Carpaccio sont explicitement nommées. La coordonnée identifie l’édifice de la Scuola ; aucune position dans la salle des tableaux n’est déduite.","Coordonnées géographiques publiées, converties des degrés, minutes et secondes en WGS84. Cette source secondaire situe le monument ou la zone, non un tableau, une pièce ou une marche précis.","2026-10-08","https://www.gutenberg.org/cache/epub/64428/pg64428-images.html","https://it.wikipedia.org/wiki/Scuola_di_San_Giorgio_degli_Schiavoni","https://www.scuoladalmatavenezia.com/"
"6","Albertine disparue","Cappella degli Scrovegni","Piazza Eremitani · Padoue","45.411817","11.879536","Édifice réel identifié","Avant de quitter Venise, le narrateur se rend à Padoue et entre dans la chapelle de Giotto après avoir traversé le jardin de l’Arena.","Le narrateur visite explicitement Padoue et la chapelle de Giotto avant de quitter Venise. Le point situe la chapelle sans tracer un parcours non vérifié dans le jardin de l’Arena.","Coordonnées géographiques publiées, converties des degrés, minutes et secondes en WGS84. Cette source secondaire situe le monument ou la zone, non un tableau, une pièce ou une marche précis.","2026-10-08","https://www.gutenberg.org/cache/epub/64428/pg64428-images.html","https://it.wikipedia.org/wiki/Cappella_degli_Scrovegni","https://www.cappelladegliscrovegni.it/"
"7","Le Temps retrouvé","Parc de Tansonville · modèle : Pré Catelan","Route de Tansonville · Illiers-Combray","48.2973271","1.2404251","Modèle documenté · lieu fictif","Le séjour chez Gilberte revisite Tansonville et transforme la compréhension des deux côtés de l’enfance. Le repère reste le modèle documenté du jardin.","Le jardin créé par Jules Amiot a inspiré le parc de Swann. Ce repère situe le jardin réel, non un emplacement vérifié de la maison fictive de Swann ou de sa haie d’aubépines.","Coordonnée publiée par Eure-et-Loir Tourisme sur Cirkwi, reproduite sans modification. C’est le point touristique du jardin, non le relevé d’une scène.","2026-10-08","https://www.gutenberg.org/cache/epub/2650/pg2650-images.html","https://www.cirkwi.com/fr/point-interet/3250342-le-pre-catelan","https://www.tourisme28.com/experiences/illiers-combray-le-berceau-litteraire-de-marcel-proust/"
"7","Le Temps retrouvé","Trocadéro · secteur du palais historique","Place du Trocadéro et du 11 Novembre · Paris","48.862664","2.288344","Zone réelle citée · point représentatif","Les tours de l’ancien Trocadéro apparaissent au couchant pendant la promenade de guerre.","Le texte évoque les tours de l’ancien Trocadéro. Le palais de 1878 a été remplacé par le Palais de Chaillot en 1937. Le repère situe le secteur, non les tours disparues.","Point d’adresse officiel BAN fourni par l’IGN. Il identifie l’adresse postale, et non une pièce ou une entrée mesurée. Les décimales ne constituent pas une marge d’erreur mesurée.","2026-10-08","https://www.gutenberg.org/cache/epub/74090/pg74090-images.html","https://data.geopf.fr/geocodage/search?q=Place%20du%20Trocadero%20et%20du%2011%20Novembre%2075116%20Paris&index=address&limit=3","https://www.carnavalet.paris.fr/sites/default/files/2022-03/dossier_pedagogique_proust_et_paris_vdef.pdf"
"7","Le Temps retrouvé","Pont des Invalides","Seine · Paris","48.863923","2.310378","Édifice réel identifié","Depuis le pont des Invalides le narrateur erre vers les Grands Boulevards.","Le pont est nommé explicitement dans la promenade parisienne pendant la guerre. Le point représente le pont, non une position reconstituée du narrateur.","Fiche de lieu nommé IGN BD TOPO. La coordonnée représente l’objet, et non une entrée ou la position exacte d’un personnage.","2026-10-08","https://www.gutenberg.org/cache/epub/74090/pg74090-images.html","https://data.geopf.fr/geocodage/search?q=Pont%20des%20Invalides&index=poi&limit=3","https://www.carnavalet.paris.fr/sites/default/files/2022-03/dossier_pedagogique_proust_et_paris_vdef.pdf"
"7","Le Temps retrouvé","Grands Boulevards · repère boulevard des Italiens","Boulevard des Italiens · Paris","48.871518","2.336341","Zone réelle citée · point représentatif","Les boulevards pendant la guerre sont peuplés de soldats et d’une vie nocturne parisienne transformée. C’est un repère de secteur, non une étape exacte.","La promenade pendant la guerre atteint les Grands Boulevards. Le boulevard des Italiens sert uniquement de repère dans ce secteur plus vaste, non d’étape vérifiée de la promenade.","Point représentatif IGN/BAN de la voie citée. Aucun numéro n’est vérifié ici dans le roman ; le repère ne désigne pas une maison précise.","2026-10-08","https://www.gutenberg.org/cache/epub/74090/pg74090-images.html","https://data.geopf.fr/geocodage/search?q=Boulevard%20des%20Italiens%20Paris&index=address&limit=3","https://www.carnavalet.paris.fr/sites/default/files/2022-03/dossier_pedagogique_proust_et_paris_vdef.pdf"
"7","Le Temps retrouvé","Jardins des Champs-Élysées","Jardins entre Concorde et le Rond-Point · Paris","48.867426","2.318928","Zone réelle citée · point représentatif","La rencontre ultérieure avec Charlus déchu ramène le lecteur aux Champs-Élysées.","Les jardins constituent un cadre explicite. Le point d’adresse du 1 avenue Gabriel sert uniquement de repère sur leur bord nord. Ni le lieu de rencontre avec Gilberte ni le pavillon d’aisance ne sont localisés précisément.","Point d’adresse officiel BAN fourni par l’IGN. Il identifie l’adresse postale, et non une pièce ou une entrée mesurée. Les décimales ne constituent pas une marge d’erreur mesurée.","2026-10-08","https://www.gutenberg.org/cache/epub/2650/pg2650-images.html","https://data.geopf.fr/geocodage/search?q=1%20Avenue%20Gabriel%2075008%20Paris&limit=1","https://www.carnavalet.paris.fr/sites/default/files/2022-03/dossier_pedagogique_proust_et_paris_vdef.pdf"
"7","Le Temps retrouvé","Avenue du Bois · actuelle avenue Foch","Avenue Foch · Paris","48.872684","2.284781","Voie citée · numéro non vérifié","La réception finale a lieu dans la demeure de la nouvelle princesse de Guermantes avenue du Bois. La cour elle-même n’est pas localisée.","La nouvelle princesse de Guermantes habite avenue du Bois. Le musée rapproche sa demeure fictive de l’ancien Palais Rose. La carte situe l’avenue sans attribuer la cour de la réception à une parcelle réelle.","Point représentatif IGN/BAN de la voie citée. Aucun numéro n’est vérifié ici dans le roman ; le repère ne désigne pas une maison précise.","2026-10-08","https://www.gutenberg.org/cache/epub/74091/pg74091-images.html","https://data.geopf.fr/geocodage/search?q=Avenue%20Foch%20Paris&index=address&limit=3","https://www.carnavalet.paris.fr/sites/default/files/2022-03/dossier_pedagogique_proust_et_paris_vdef.pdf"