"section","section_title","place","latitude","longitude","scene","position_status","position_note","method","scene_source","position_source","additional_source","checked"
"1","Libro I","San Petersburgo","59.9375","30.30861111","La recepción de Anna Pávlovna abre la novela. Su salón privado no se localiza con precisión.","Área representativa","El marcador identifica la localidad citada, no una casa privada verificada, los límites de un campamento ni la posición exacta de un personaje.","Punto geográfico publicado en WGS84. Representa un área; los decimales no miden la precisión histórica.","https://www.gutenberg.org/files/2600/2600-h/2600-h.htm#link2HCH0001","https://en.wikipedia.org/wiki/Saint_Petersburg","","2026-10-08"
"1","Libro I","Povarskaya","55.75566668","37.59083334","Los Rostov celebran la onomástica en Povárskaya; la casa ficticia no tiene una dirección verificada.","Punto representativo de la calle","El marcador identifica la localidad citada, no una casa privada verificada, los límites de un campamento ni la posición exacta de un personaje.","Punto geográfico publicado en WGS84. Representa un área; los decimales no miden la precisión histórica.","https://www.gutenberg.org/files/2600/2600-h/2600-h.htm#link2HCH0010","https://en.wikipedia.org/wiki/Povarskaya_Street","","2026-10-08"
"1","Libro I","Moscú","55.75583333","37.61777778","La última enfermedad del conde Bezújov reúne a los herederos en su casa de Moscú.","Área representativa","El marcador identifica la localidad citada, no una casa privada verificada, los límites de un campamento ni la posición exacta de un personaje.","Punto geográfico publicado en WGS84. Representa un área; los decimales no miden la precisión histórica.","https://www.gutenberg.org/files/2600/2600-h/2600-h.htm#link2HCH0018","https://en.wikipedia.org/wiki/Moscow","","2026-10-08"
"1","Libro I","Montes Calvos · modelo de Yásnaya Poliana","54.07611111","37.52611111","El viejo príncipe y María viven en Montes Calvos. El punto muestra su modelo literario documentado.","Modelo literario documentado","La finca de Tolstói inspiró la casa de los Bolkonski. Es un modelo literario documentado, no la finca ficticia al este de Smolensk descrita en el Libro X.","Punto geográfico publicado en WGS84. Representa un área; los decimales no miden la precisión histórica.","https://www.gutenberg.org/files/2600/2600-h/2600-h.htm#link2HCH0025","https://en.wikipedia.org/wiki/Yasnaya_Polyana","https://ypmuseum.ru/object/park-kliny?lang=en","2026-10-08"
"2","Libro II","Braunau am Inn","48.25833333","13.03527778","Kutúzov inspecciona el regimiento ruso en Braunau.","Área representativa","El marcador identifica la localidad citada, no una casa privada verificada, los límites de un campamento ni la posición exacta de un personaje.","Punto geográfico publicado en WGS84. Representa un área; los decimales no miden la precisión histórica.","https://www.gutenberg.org/files/2600/2600-h/2600-h.htm#link2HCH0029","https://en.wikipedia.org/wiki/Braunau_am_Inn","","2026-10-08"
"2","Libro II","Enns","48.21666667","14.475","Las tropas cruzan el Enns; los capítulos siguientes describen la destrucción del puente. Su posición histórica no está verificada.","Área representativa","El marcador identifica la localidad citada, no una casa privada verificada, los límites de un campamento ni la posición exacta de un personaje.","Punto geográfico publicado en WGS84. Representa un área; los decimales no miden la precisión histórica.","https://www.gutenberg.org/files/2600/2600-h/2600-h.htm#link2HCH0034","https://en.wikipedia.org/wiki/Enns_(town)","","2026-10-08"
"2","Libro II","Krems an der Donau","48.416666666667","15.616666666667","El relato recuerda la acción de Krems antes del viaje de Andréi a Brno.","Área representativa","El marcador identifica la localidad citada, no una casa privada verificada, los límites de un campamento ni la posición exacta de un personaje.","Punto geográfico publicado en WGS84. Representa un área; los decimales no miden la precisión histórica.","https://www.gutenberg.org/files/2600/2600-h/2600-h.htm#link2HCH0037","https://www.wikidata.org/wiki/Q131266","","2026-10-08"
"2","Libro II","Brno / Brünn","49.1925","16.60833333","Andréi lleva noticias de la batalla a la corte austríaca y se aloja con Bilibin en Brno.","Área representativa","El marcador identifica la localidad citada, no una casa privada verificada, los límites de un campamento ni la posición exacta de un personaje.","Punto geográfico publicado en WGS84. Representa un área; los decimales no miden la precisión histórica.","https://www.gutenberg.org/files/2600/2600-h/2600-h.htm#link2HCH0037","https://en.wikipedia.org/wiki/Brno","","2026-10-08"
"2","Libro II","Viena","48.2083","16.3725","Bilibin informa de la ocupación francesa de Viena. Es geografía de campaña relatada en los diálogos.","Área representativa","El marcador identifica la localidad citada, no una casa privada verificada, los límites de un campamento ni la posición exacta de un personaje.","Punto geográfico publicado en WGS84. Representa un área; los decimales no miden la precisión histórica.","https://www.gutenberg.org/files/2600/2600-h/2600-h.htm#link2HCH0038","https://en.wikipedia.org/wiki/Vienna","","2026-10-08"
"2","Libro II","Znojmo / Znaim","48.85555556","16.04888889","La retirada hacia Znaim enmarca el intento de Kutúzov de evitar la intercepción.","Área representativa","El marcador identifica la localidad citada, no una casa privada verificada, los límites de un campamento ni la posición exacta de un personaje.","Punto geográfico publicado en WGS84. Representa un área; los decimales no miden la precisión histórica.","https://www.gutenberg.org/files/2600/2600-h/2600-h.htm#link2HCH0042","https://en.wikipedia.org/wiki/Znojmo","","2026-10-08"
"2","Libro II","Hollabrunn","48.56666667","16.1","El destacamento de Bagration llega a Hollabrunn para cubrir la retirada.","Área representativa","El marcador identifica la localidad citada, no una casa privada verificada, los límites de un campamento ni la posición exacta de un personaje.","Punto geográfico publicado en WGS84. Representa un área; los decimales no miden la precisión histórica.","https://www.gutenberg.org/files/2600/2600-h/2600-h.htm#link2HCH0042","https://en.wikipedia.org/wiki/Hollabrunn","","2026-10-08"
"2","Libro II","Schöngrabern","48.59258333","16.06561111","Andréi observa el campo de Schöngrabern; la batería de Tushin aparece en el combate siguiente. El punto representa el área de la batalla.","Área representativa","El marcador identifica la localidad citada, no una casa privada verificada, los límites de un campamento ni la posición exacta de un personaje.","Punto geográfico publicado en WGS84. Representa un área; los decimales no miden la precisión histórica.","https://www.gutenberg.org/files/2600/2600-h/2600-h.htm#link2HCH0044","https://www.wikidata.org/wiki/Q948810","","2026-10-08"
"3","Libro III","San Petersburgo","59.9375","30.30861111","El cortejo de Pierre a Hélène se desarrolla en la sociedad de Petersburgo.","Área representativa","El marcador identifica la localidad citada, no una casa privada verificada, los límites de un campamento ni la posición exacta de un personaje.","Punto geográfico publicado en WGS84. Representa un área; los decimales no miden la precisión histórica.","https://www.gutenberg.org/files/2600/2600-h/2600-h.htm#link2HCH0050","https://en.wikipedia.org/wiki/Saint_Petersburg","","2026-10-08"
"3","Libro III","Montes Calvos · modelo de Yásnaya Poliana","54.07611111","37.52611111","El príncipe Vasili y Anatole visitan a los Bolkonski; el matrimonio propuesto inquieta a María.","Modelo literario documentado","La finca de Tolstói inspiró la casa de los Bolkonski. Es un modelo literario documentado, no la finca ficticia al este de Smolensk descrita en el Libro X.","Punto geográfico publicado en WGS84. Representa un área; los decimales no miden la precisión histórica.","https://www.gutenberg.org/files/2600/2600-h/2600-h.htm#link2HCH0052","https://en.wikipedia.org/wiki/Yasnaya_Polyana","https://ypmuseum.ru/object/park-kliny?lang=en","2026-10-08"
"3","Libro III","Olomouc / Olmütz","49.59388889","17.25083333","El ejército se reúne cerca de Olmütz para la revista de los dos emperadores. No se ha establecido el perímetro del campamento.","Área representativa","El marcador identifica la localidad citada, no una casa privada verificada, los límites de un campamento ni la posición exacta de un personaje.","Punto geográfico publicado en WGS84. Representa un área; los decimales no miden la precisión histórica.","https://www.gutenberg.org/files/2600/2600-h/2600-h.htm#link2HCH0056","https://en.wikipedia.org/wiki/Olomouc","","2026-10-08"
"3","Libro III","Slavkov / Austerlitz","49.15333333","16.87638889","Las disposiciones de batalla presentan el escenario de Austerlitz; los otros puntos distinguen pueblos y alturas.","Área representativa","El marcador identifica la localidad citada, no una casa privada verificada, los límites de un campamento ni la posición exacta de un personaje.","Punto geográfico publicado en WGS84. Representa un área; los decimales no miden la precisión histórica.","https://www.gutenberg.org/files/2600/2600-h/2600-h.htm#link2HCH0061","https://en.wikipedia.org/wiki/Slavkov_u_Brna","","2026-10-08"
"3","Libro III","Kobylnice / Kobelnitz","49.13805842","16.73183642","Kobelnitz figura en el plan leído en el consejo de guerra.","Área representativa","El marcador identifica la localidad citada, no una casa privada verificada, los límites de un campamento ni la posición exacta de un personaje.","Punto geográfico publicado en WGS84. Representa un área; los decimales no miden la precisión histórica.","https://www.gutenberg.org/files/2600/2600-h/2600-h.htm#link2HCH0061","https://cs.wikipedia.org/wiki/Kobylnice_(okres_Brno-venkov)","","2026-10-08"
"3","Libro III","Sokolnice / Sokolnitz","49.11388889","16.72166667","Sokolnitz es otro pueblo citado en las disposiciones; su valle estructura el relato de la batalla.","Área representativa","El marcador identifica la localidad citada, no una casa privada verificada, los límites de un campamento ni la posición exacta de un personaje.","Punto geográfico publicado en WGS84. Representa un área; los decimales no miden la precisión histórica.","https://www.gutenberg.org/files/2600/2600-h/2600-h.htm#link2HCH0061","https://en.wikipedia.org/wiki/Sokolnice","","2026-10-08"
"3","Libro III","Šlapanice / Schlappanitz","49.16861111","16.72722222","Napoleón observa las columnas aliadas cerca de Schlappanitz. Su punto de observación exacto no está identificado.","Área representativa","El marcador identifica la localidad citada, no una casa privada verificada, los límites de un campamento ni la posición exacta de un personaje.","Punto geográfico publicado en WGS84. Representa un área; los decimales no miden la precisión histórica.","https://www.gutenberg.org/files/2600/2600-h/2600-h.htm#link2HCH0063","https://en.wikipedia.org/wiki/%C5%A0lapanice","","2026-10-08"
"3","Libro III","Prace / Pratzen","49.14108467","16.76540471","El pueblo de Pratzen sirve de referencia para describir las alturas y los movimientos de las tropas.","Área representativa","El marcador identifica la localidad citada, no una casa privada verificada, los límites de un campamento ni la posición exacta de un personaje.","Punto geográfico publicado en WGS84. Representa un área; los decimales no miden la precisión histórica.","https://www.gutenberg.org/files/2600/2600-h/2600-h.htm#link2HCH0063","https://cs.wikipedia.org/wiki/Prace","","2026-10-08"
"3","Libro III","Alturas de Pratzen · Monumento de la Paz","49.1282","16.7625","Andréi lleva el estandarte y cae durante el combate en las alturas. El monumento es solo una referencia geográfica.","Área representativa","El monumento moderno señala las alturas históricas. Es posterior a la batalla y no identifica el punto exacto donde cayó Andréi.","Punto geográfico publicado en WGS84. Representa un área; los decimales no miden la precisión histórica.","https://www.gutenberg.org/files/2600/2600-h/2600-h.htm#link2HCH0065","https://cs.wikipedia.org/wiki/Mohyla_m%C3%ADru","https://mohylamiru.muzeumbrnenska.cz/cz/","2026-10-08"
"4","Libro IV","Moscú","55.75583333","37.61777778","Nikolái y Denísov regresan a la casa de los Rostov en Moscú.","Área representativa","El marcador identifica la localidad citada, no una casa privada verificada, los límites de un campamento ni la posición exacta de un personaje.","Punto geográfico publicado en WGS84. Representa un área; los decimales no miden la precisión histórica.","https://www.gutenberg.org/files/2600/2600-h/2600-h.htm#link2HCH0069","https://en.wikipedia.org/wiki/Moscow","","2026-10-08"
"4","Libro IV","Sokolniki","55.80055556","37.66972222","Pierre y Dólojov acuerdan reunirse en Sokólniki para el duelo. El parque moderno representa un área, no el claro exacto.","Área representativa","El marcador identifica la localidad citada, no una casa privada verificada, los límites de un campamento ni la posición exacta de un personaje.","Punto geográfico publicado en WGS84. Representa un área; los decimales no miden la precisión histórica.","https://www.gutenberg.org/files/2600/2600-h/2600-h.htm#link2HCH0072","https://en.wikipedia.org/wiki/Sokolniki_Park","","2026-10-08"
"4","Libro IV","Montes Calvos · modelo de Yásnaya Poliana","54.07611111","37.52611111","El regreso de Andréi coincide con el parto de Lisa en Montes Calvos.","Modelo literario documentado","La finca de Tolstói inspiró la casa de los Bolkonski. Es un modelo literario documentado, no la finca ficticia al este de Smolensk descrita en el Libro X.","Punto geográfico publicado en WGS84. Representa un área; los decimales no miden la precisión histórica.","https://www.gutenberg.org/files/2600/2600-h/2600-h.htm#link2HCH0076","https://en.wikipedia.org/wiki/Yasnaya_Polyana","https://ypmuseum.ru/object/park-kliny?lang=en","2026-10-08"
"5","Libro V","Torzhok","57.03333333","34.96666667","Un retraso en la posta de Torzhok lleva a Pierre a conocer a Bazdéiev. El edificio de la posta no está verificado.","Área representativa","El marcador identifica la localidad citada, no una casa privada verificada, los límites de un campamento ni la posición exacta de un personaje.","Punto geográfico publicado en WGS84. Representa un área; los decimales no miden la precisión histórica.","https://www.gutenberg.org/files/2600/2600-h/2600-h.htm#link2HCH0085","https://en.wikipedia.org/wiki/Torzhok","","2026-10-08"
"5","Libro V","San Petersburgo","59.9375","30.30861111","Pierre vuelve a Petersburgo y es introducido en la hermandad masónica.","Área representativa","El marcador identifica la localidad citada, no una casa privada verificada, los límites de un campamento ni la posición exacta de un personaje.","Punto geográfico publicado en WGS84. Representa un área; los decimales no miden la precisión histórica.","https://www.gutenberg.org/files/2600/2600-h/2600-h.htm#link2HCH0087","https://en.wikipedia.org/wiki/Saint_Petersburg","","2026-10-08"
"5","Libro V","Montes Calvos · modelo de Yásnaya Poliana","54.07611111","37.52611111","Pierre visita a María y al viejo príncipe después de hablar con Andréi.","Modelo literario documentado","La finca de Tolstói inspiró la casa de los Bolkonski. Es un modelo literario documentado, no la finca ficticia al este de Smolensk descrita en el Libro X.","Punto geográfico publicado en WGS84. Representa un área; los decimales no miden la precisión histórica.","https://www.gutenberg.org/files/2600/2600-h/2600-h.htm#link2HCH0097","https://en.wikipedia.org/wiki/Yasnaya_Polyana","https://ypmuseum.ru/object/park-kliny?lang=en","2026-10-08"
"5","Libro V","Bartoszyce / Bartenstein","54.25","20.8","El regimiento de Nikolái está destinado cerca de Bartenstein durante la campaña de 1807.","Área representativa","El marcador identifica la localidad citada, no una casa privada verificada, los límites de un campamento ni la posición exacta de un personaje.","Punto geográfico publicado en WGS84. Representa un área; los decimales no miden la precisión histórica.","https://www.gutenberg.org/files/2600/2600-h/2600-h.htm#link2HCH0099","https://en.wikipedia.org/wiki/Bartoszyce","","2026-10-08"
"5","Libro V","Sovetsk / Tilsit","55.08083333333333","21.886388888888888","Nikolái va a Tilsit para pedir el indulto de Denísov durante las negociaciones de paz.","Área representativa","El marcador identifica la localidad citada, no una casa privada verificada, los límites de un campamento ni la posición exacta de un personaje.","Punto geográfico publicado en WGS84. Representa un área; los decimales no miden la precisión histórica.","https://www.gutenberg.org/files/2600/2600-h/2600-h.htm#link2HCH0103","https://www.wikidata.org/wiki/Q5647","","2026-10-08"
"6","Libro VI","Montes Calvos · modelo de Yásnaya Poliana","54.07611111","37.52611111","Andréi divide su tiempo entre Montes Calvos y su finca no localizada de Boguchárovo.","Modelo literario documentado","La finca de Tolstói inspiró la casa de los Bolkonski. Es un modelo literario documentado, no la finca ficticia al este de Smolensk descrita en el Libro X.","Punto geográfico publicado en WGS84. Representa un área; los decimales no miden la precisión histórica.","https://www.gutenberg.org/files/2600/2600-h/2600-h.htm#link2HCH0107","https://en.wikipedia.org/wiki/Yasnaya_Polyana","https://ypmuseum.ru/object/park-kliny?lang=en","2026-10-08"
"6","Libro VI","Otrádnoe · modelo de Nikólskoye-Viázemskoye","53.308518","36.823041","Andréi visita a los Rostov en Otrádnoe y oye a Natasha en la ventana.","Modelo literario documentado","El museo señala semejanzas con la finca de los Rostov. El punto localiza el modelo real, no Otrádnoe ficticio ni sus terrenos de caza.","Punto geográfico publicado en WGS84. Representa un área; los decimales no miden la precisión histórica.","https://www.gutenberg.org/files/2600/2600-h/2600-h.htm#link2HCH0108","https://ru.wikipedia.org/wiki/%D0%9D%D0%B8%D0%BA%D0%BE%D0%BB%D1%8C%D1%81%D0%BA%D0%BE%D0%B5-%D0%92%D1%8F%D0%B7%D0%B5%D0%BC%D1%81%D0%BA%D0%BE%D0%B5","https://www.ypmuseum.ru/filials/nikolsko-vyasemskoe","2026-10-08"
"6","Libro VI","San Petersburgo","59.9375","30.30861111","Natasha se prepara para su primer gran baile en Petersburgo. La casa privada del anfitrión no tiene un punto verificado.","Área representativa","El marcador identifica la localidad citada, no una casa privada verificada, los límites de un campamento ni la posición exacta de un personaje.","Punto geográfico publicado en WGS84. Representa un área; los decimales no miden la precisión histórica.","https://www.gutenberg.org/files/2600/2600-h/2600-h.htm#link2HCH0120","https://en.wikipedia.org/wiki/Saint_Petersburg","","2026-10-08"
"6","Libro VI","Jardines de Táuride","59.94583333","30.37388889","Andréi cena en la casa de Speranski en los jardines de Táuride. La casa no está localizada.","Área representativa","El marcador identifica la localidad citada, no una casa privada verificada, los límites de un campamento ni la posición exacta de un personaje.","Punto geográfico publicado en WGS84. Representa un área; los decimales no miden la precisión histórica.","https://www.gutenberg.org/files/2600/2600-h/2600-h.htm#link2HCH0124","https://en.wikipedia.org/wiki/Tauride_Garden","","2026-10-08"
"7","Libro VII","Kremenchuk","49.06305556","33.40388889","El viaje de regreso de Nikolái comienza con la etapa de Kremenchuk a Kyiv.","Área representativa","El marcador identifica la localidad citada, no una casa privada verificada, los límites de un campamento ni la posición exacta de un personaje.","Punto geográfico publicado en WGS84. Representa un área; los decimales no miden la precisión histórica.","https://www.gutenberg.org/files/2600/2600-h/2600-h.htm#link2HCH0133","https://en.wikipedia.org/wiki/Kremenchuk","","2026-10-08"
"7","Libro VII","Kyiv","50.45","30.52333333","Kyiv marca la primera mitad del viaje de Nikolái hacia casa. Las postas no se localizan individualmente.","Área representativa","El marcador identifica la localidad citada, no una casa privada verificada, los límites de un campamento ni la posición exacta de un personaje.","Punto geográfico publicado en WGS84. Representa un área; los decimales no miden la precisión histórica.","https://www.gutenberg.org/files/2600/2600-h/2600-h.htm#link2HCH0133","https://en.wikipedia.org/wiki/Kyiv","","2026-10-08"
"7","Libro VII","Otrádnoe · modelo de Nikólskoye-Viázemskoye","53.308518","36.823041","La caza de los Rostov parte de la finca. Ni la ruta de caza ni la casa del tío reciben coordenadas inventadas.","Modelo literario documentado","El museo señala semejanzas con la finca de los Rostov. El punto localiza el modelo real, no Otrádnoe ficticio ni sus terrenos de caza.","Punto geográfico publicado en WGS84. Representa un área; los decimales no miden la precisión histórica.","https://www.gutenberg.org/files/2600/2600-h/2600-h.htm#link2HCH0135","https://ru.wikipedia.org/wiki/%D0%9D%D0%B8%D0%BA%D0%BE%D0%BB%D1%8C%D1%81%D0%BA%D0%BE%D0%B5-%D0%92%D1%8F%D0%B7%D0%B5%D0%BC%D1%81%D0%BA%D0%BE%D0%B5","https://www.ypmuseum.ru/filials/nikolsko-vyasemskoe","2026-10-08"
"8","Libro VIII","Moscú","55.75583333","37.61777778","Pierre pasa el invierno en Moscú, lejos de su casa en Petersburgo.","Área representativa","El marcador identifica la localidad citada, no una casa privada verificada, los límites de un campamento ni la posición exacta de un personaje.","Punto geográfico publicado en WGS84. Representa un área; los decimales no miden la precisión histórica.","https://www.gutenberg.org/files/2600/2600-h/2600-h.htm#link2HCH0146","https://en.wikipedia.org/wiki/Moscow","","2026-10-08"
"8","Libro VIII","Vozdvizhenka","55.75277778","37.60555556","Los Rostov visitan la casa de los Bolkonski en Vozdvizhenka. Su interior ficticio no se atribuye a un edificio moderno.","Punto representativo de la calle","El marcador identifica la localidad citada, no una casa privada verificada, los límites de un campamento ni la posición exacta de un personaje.","Punto geográfico publicado en WGS84. Representa un área; los decimales no miden la precisión histórica.","https://www.gutenberg.org/files/2600/2600-h/2600-h.htm#link2HCH0152","https://en.wikipedia.org/wiki/Vozdvizhenka_Street","","2026-10-08"
"8","Libro VIII","Arbat","55.749166666667","37.590555555556","El intento de fuga de Anatole va precedido de un recorrido en coche por el Arbat.","Punto representativo de la calle","El marcador identifica la localidad citada, no una casa privada verificada, los límites de un campamento ni la posición exacta de un personaje.","Punto geográfico publicado en WGS84. Representa un área; los decimales no miden la precisión histórica.","https://www.gutenberg.org/files/2600/2600-h/2600-h.htm#link2HCH0162","https://www.wikidata.org/wiki/Q269373","","2026-10-08"
"8","Libro VIII","Plaza del Arbat","55.751944444444","37.601111111111","Pierre ve el cometa sobre la plaza del Arbat después de su encuentro con Natasha.","Área representativa","El marcador identifica la localidad citada, no una casa privada verificada, los límites de un campamento ni la posición exacta de un personaje.","Punto geográfico publicado en WGS84. Representa un área; los decimales no miden la precisión histórica.","https://www.gutenberg.org/files/2600/2600-h/2600-h.htm#link2HCH0167","https://www.wikidata.org/wiki/Q2424832","","2026-10-08"
"9","Libro IX","Kaunas / Kovno","54.89722222","23.88611111","Napoleón observa el cruce del Niemen cerca de Kovno. El punto representa la ciudad, no un puente exacto.","Área representativa","El marcador identifica la localidad citada, no una casa privada verificada, los límites de un campamento ni la posición exacta de un personaje.","Punto geográfico publicado en WGS84. Representa un área; los decimales no miden la precisión histórica.","https://www.gutenberg.org/files/2600/2600-h/2600-h.htm#link2HCH0169","https://en.wikipedia.org/wiki/Kaunas","","2026-10-08"
"9","Libro IX","Vilnius / Vilna","54.68722222","25.28","Alejandro asiste a un baile cerca de Vilna cuando llega la noticia de la invasión.","Área representativa","El marcador identifica la localidad citada, no una casa privada verificada, los límites de un campamento ni la posición exacta de un personaje.","Punto geográfico publicado en WGS84. Representa un área; los decimales no miden la precisión histórica.","https://www.gutenberg.org/files/2600/2600-h/2600-h.htm#link2HCH0170","https://en.wikipedia.org/wiki/Vilnius","","2026-10-08"
"9","Libro IX","Vyerkhnyadzvinsk / Drissa","55.766666666667","27.933333333333","Andréi se une al estado mayor en Drissa, donde el campamento fortificado centra el debate estratégico.","Área representativa","El marcador identifica la localidad citada, no una casa privada verificada, los límites de un campamento ni la posición exacta de un personaje.","Punto geográfico publicado en WGS84. Representa un área; los decimales no miden la precisión histórica.","https://www.gutenberg.org/files/2600/2600-h/2600-h.htm#link2HCH0175","https://www.wikidata.org/wiki/Q954610","","2026-10-08"
"9","Libro IX","Vitebsk","55.19166667","30.20555556","El relato sitúa la campaña de caballería en la región de Vítebsk antes del combate de Ostrovno.","Área representativa","El marcador identifica la localidad citada, no una casa privada verificada, los límites de un campamento ni la posición exacta de un personaje.","Punto geográfico publicado en WGS84. Representa un área; los decimales no miden la precisión histórica.","https://www.gutenberg.org/files/2600/2600-h/2600-h.htm#link2HCH0181","https://en.wikipedia.org/wiki/Vitebsk","","2026-10-08"
"9","Libro IX","Astrowna / Ostrovno","55.13777777777778","29.8575","La acción de caballería de Nikolái sucede cerca de Ostrovno; la carga no se reconstruye como un trazado exacto.","Área representativa","El marcador identifica la localidad citada, no una casa privada verificada, los límites de un campamento ni la posición exacta de un personaje.","Punto geográfico publicado en WGS84. Representa un área; los decimales no miden la precisión histórica.","https://www.gutenberg.org/files/2600/2600-h/2600-h.htm#link2HCH0181","https://www.wikidata.org/wiki/Q3646499","","2026-10-08"
"9","Libro IX","Moscú","55.75583333","37.61777778","La enfermedad y la recuperación de Natasha se desarrollan en Moscú mientras avanza la invasión.","Área representativa","El marcador identifica la localidad citada, no una casa privada verificada, los límites de un campamento ni la posición exacta de un personaje.","Punto geográfico publicado en WGS84. Representa un área; los decimales no miden la precisión histórica.","https://www.gutenberg.org/files/2600/2600-h/2600-h.htm#link2HCH0183","https://en.wikipedia.org/wiki/Moscow","","2026-10-08"
"9","Libro IX","Kremlin de Moscú","55.75166667","37.61777778","Petia se une a la multitud que espera al emperador en el Kremlin.","Área representativa","El marcador identifica la localidad citada, no una casa privada verificada, los límites de un campamento ni la posición exacta de un personaje.","Punto geográfico publicado en WGS84. Representa un área; los decimales no miden la precisión histórica.","https://www.gutenberg.org/files/2600/2600-h/2600-h.htm#link2HCH0188","https://en.wikipedia.org/wiki/Kremlin","","2026-10-08"
"10","Libro X","Montes Calvos · modelo de Yásnaya Poliana","54.07611111","37.52611111","Los Bolkonski afrontan la invasión en Montes Calvos. El modelo real está lejos de la posición ficticia.","Modelo literario documentado","La finca de Tolstói inspiró la casa de los Bolkonski. Es un modelo literario documentado, no la finca ficticia al este de Smolensk descrita en el Libro X.","Punto geográfico publicado en WGS84. Representa un área; los decimales no miden la precisión histórica.","https://www.gutenberg.org/files/2600/2600-h/2600-h.htm#link2HCH0192","https://en.wikipedia.org/wiki/Yasnaya_Polyana","https://ypmuseum.ru/object/park-kliny?lang=en","2026-10-08"
"10","Libro X","Smolensk","54.78277778","32.04527778","Alpátich visita Smolensk durante el bombardeo y la huida de los habitantes.","Área representativa","El marcador identifica la localidad citada, no una casa privada verificada, los límites de un campamento ni la posición exacta de un personaje.","Punto geográfico publicado en WGS84. Representa un área; los decimales no miden la precisión histórica.","https://www.gutenberg.org/files/2600/2600-h/2600-h.htm#link2HCH0194","https://en.wikipedia.org/wiki/Smolensk","","2026-10-08"
"10","Libro X","Vorontsovo","55.6665","37.5326","Pierre visita el proyecto del globo en Vorontsovo antes de dirigirse hacia la batalla.","Área representativa","El marcador identifica la localidad citada, no una casa privada verificada, los límites de un campamento ni la posición exacta de un personaje.","Punto geográfico publicado en WGS84. Representa un área; los decimales no miden la precisión histórica.","https://www.gutenberg.org/files/2600/2600-h/2600-h.htm#link2HCH0208","https://ru.wikipedia.org/wiki/%D0%92%D0%BE%D1%80%D0%BE%D0%BD%D1%86%D0%BE%D0%B2%D0%BE_(%D1%83%D1%81%D0%B0%D0%B4%D1%8C%D0%B1%D0%B0)","","2026-10-08"
"10","Libro X","Mozhaysk","55.51666667","36.03333333","Pierre pasa por Mozhaisk de camino al ejército.","Área representativa","El marcador identifica la localidad citada, no una casa privada verificada, los límites de un campamento ni la posición exacta de un personaje.","Punto geográfico publicado en WGS84. Representa un área; los decimales no miden la precisión histórica.","https://www.gutenberg.org/files/2600/2600-h/2600-h.htm#link2HCH0208","https://en.wikipedia.org/wiki/Mozhaysk","","2026-10-08"
"10","Libro X","Borodino","55.52694","35.82111","Pierre llega al campo de Borodinó. El punto del pueblo se distingue de los reductos.","Área representativa","El marcador identifica la localidad citada, no una casa privada verificada, los límites de un campamento ni la posición exacta de un personaje.","Punto geográfico publicado en WGS84. Representa un área; los decimales no miden la precisión histórica.","https://www.gutenberg.org/files/2600/2600-h/2600-h.htm#link2HCH0211","https://ru.wikipedia.org/wiki/%D0%91%D0%BE%D1%80%D0%BE%D0%B4%D0%B8%D0%BD%D0%BE_(%D0%B4%D0%B5%D1%80%D0%B5%D0%B2%D0%BD%D1%8F%2C_%D0%9C%D0%BE%D0%B6%D0%B0%D0%B9%D1%81%D0%BA%D0%B8%D0%B9_%D0%BC%D1%83%D0%BD%D0%B8%D1%86%D0%B8%D0%BF%D0%B0%D0%BB%D1%8C%D0%BD%D1%8B%D0%B9_%D0%BE%D0%BA%D1%80%D1%83%D0%B3)","","2026-10-08"
"10","Libro X","Reducto de Shevardinó","55.49924083333334","35.79673195","Napoleón dirige las operaciones cerca del reducto de Shevardinó.","Área representativa","Fortificación cartografiada y restaurada después de 1812. No identifica la silla exacta de Napoleón ni una batería de guerra conservada.","Media de los seis vértices distintos de la geometría OpenStreetMap 263822780, utilizada como punto representativo de la fortificación cartografiada. © OpenStreetMap contributors, ODbL.","https://www.gutenberg.org/files/2600/2600-h/2600-h.htm#link2HCH0219","https://www.openstreetmap.org/way/263822780","","2026-10-08"
"10","Libro X","Batería de Rayevski · Gran Reducto","55.518518","35.827608","Pierre observa el combate desde la batería en la altura del gran reducto.","Área representativa","Punto representativo en la altura del reducto, no la posición exacta de Pierre durante la batalla.","Punto GPS publicado en un itinerario del Museo de Borodinó reproducido por Nash Ural. Sitúa el lugar histórico como área.","https://www.gutenberg.org/files/2600/2600-h/2600-h.htm#link2HCH0221","https://nashural.ru/russia/dostoprimechatelnosti-muzeya-zapovednika-borodinskoe-pole-batareya-raevskogo/","","2026-10-08"
"10","Libro X","Semyonovskoye","55.50861","35.83278","El recorrido de Bennigsen pasa por Semiónovskoye. El pueblo no localiza la posterior herida de Andréi ni las flechas de Bagration.","Área representativa","El marcador identifica la localidad citada, no una casa privada verificada, los límites de un campamento ni la posición exacta de un personaje.","Punto geográfico publicado en WGS84. Representa un área; los decimales no miden la precisión histórica.","https://www.gutenberg.org/files/2600/2600-h/2600-h.htm#link2HCH0213","https://ru.wikipedia.org/wiki/%D0%A1%D0%B5%D0%BC%D1%91%D0%BD%D0%BE%D0%B2%D1%81%D0%BA%D0%BE%D0%B5_(%D0%B4%D0%B5%D1%80%D0%B5%D0%B2%D0%BD%D1%8F%2C_%D0%9C%D0%BE%D0%B6%D0%B0%D0%B9%D1%81%D0%BA%D0%B8%D0%B9_%D0%BC%D1%83%D0%BD%D0%B8%D1%86%D0%B8%D0%BF%D0%B0%D0%BB%D1%8C%D0%BD%D1%8B%D0%B9_%D0%BE%D0%BA%D1%80%D1%83%D0%B3)","","2026-10-08"
"10","Libro X","Utitsy / Utitsa","55.48611","35.83056","La acción de Poniatowski cerca de Utitsa se aborda en el relato de las órdenes de Napoleón.","Área representativa","El marcador identifica la localidad citada, no una casa privada verificada, los límites de un campamento ni la posición exacta de un personaje.","Punto geográfico publicado en WGS84. Representa un área; los decimales no miden la precisión histórica.","https://www.gutenberg.org/files/2600/2600-h/2600-h.htm#link2HCH0223","https://ru.wikipedia.org/wiki/%D0%A3%D1%82%D0%B8%D1%86%D1%8B","","2026-10-08"
"10","Libro X","Monasterio de Kolotsk","55.50056","35.66222","Pierre ve la cruz y el campanario del monasterio desde la carretera. Es un edificio visto a distancia, no una visita documentada al interior.","Edificio de referencia existente","El marcador identifica la localidad citada, no una casa privada verificada, los límites de un campamento ni la posición exacta de un personaje.","Punto geográfico publicado en WGS84. Representa un área; los decimales no miden la precisión histórica.","https://www.gutenberg.org/files/2600/2600-h/2600-h.htm#link2HCH0211","https://ru.wikipedia.org/wiki/%D0%9A%D0%BE%D0%BB%D0%BE%D1%86%D0%BA%D0%B8%D0%B9_%D0%BC%D0%BE%D0%BD%D0%B0%D1%81%D1%82%D1%8B%D1%80%D1%8C","","2026-10-08"
"11","Libro XI","Fili · Izba de Kutúzov","55.73972","37.5231417","El consejo de Kutúzov en Fili decide abandonar Moscú.","Edificio conmemorativo reconstruido","La izba conmemorativa del consejo es una reconstrucción de 1887 de un edificio destruido por un incendio. Identifica el lugar conmemorativo, no interiores conservados de 1812.","Punto geográfico publicado en WGS84. Representa un área; los decimales no miden la precisión histórica.","https://www.gutenberg.org/files/2600/2600-h/2600-h.htm#link2HCH0233","https://ru.wikipedia.org/wiki/%D0%9A%D1%83%D1%82%D1%83%D0%B7%D0%BE%D0%B2%D1%81%D0%BA%D0%B0%D1%8F_%D0%B8%D0%B7%D0%B1%D0%B0","https://1812panorama.ru/en/node/721","2026-10-08"
"11","Libro XI","Colina Poklónnaya","55.73166667","37.50666667","Napoleón espera en la colina Poklónnaya la sumisión de Moscú.","Área representativa","La colina histórica ha sido muy modificada. Es una referencia geográfica moderna del área, no el punto exacto desde el que miró Napoleón.","Punto geográfico publicado en WGS84. Representa un área; los decimales no miden la precisión histórica.","https://www.gutenberg.org/files/2600/2600-h/2600-h.htm#link2HCH0248","https://www.wikidata.org/wiki/Q2370140","","2026-10-08"
"11","Libro XI","Povarskaya","55.75566668","37.59083334","Los Rostov preparan la partida y ofrecen sus carros a los heridos.","Punto representativo de la calle","El marcador identifica la localidad citada, no una casa privada verificada, los límites de un campamento ni la posición exacta de un personaje.","Punto geográfico publicado en WGS84. Representa un área; los decimales no miden la precisión histórica.","https://www.gutenberg.org/files/2600/2600-h/2600-h.htm#link2HCH0242","https://en.wikipedia.org/wiki/Povarskaya_Street","","2026-10-08"
"11","Libro XI","Estanques del Patriarca","55.763883","37.59212","Pierre se refugia en la casa de Bazdéiev cerca de los estanques del Patriarca. No se atribuye una dirección a la casa.","Área representativa","El marcador identifica la localidad citada, no una casa privada verificada, los límites de un campamento ni la posición exacta de un personaje.","Punto geográfico publicado en WGS84. Representa un área; los decimales no miden la precisión histórica.","https://www.gutenberg.org/files/2600/2600-h/2600-h.htm#link2HCH0247","https://en.wikipedia.org/wiki/Patriarch_Ponds","","2026-10-08"
"11","Libro XI","Arbat","55.749166666667","37.590555555556","Las tropas francesas entran en el Arbat al comenzar la ocupación.","Punto representativo de la calle","El marcador identifica la localidad citada, no una casa privada verificada, los límites de un campamento ni la posición exacta de un personaje.","Punto geográfico publicado en WGS84. Representa un área; los decimales no miden la precisión histórica.","https://www.gutenberg.org/files/2600/2600-h/2600-h.htm#link2HCH0255","https://www.wikidata.org/wiki/Q269373","","2026-10-08"
"11","Libro XI","Vozdvizhenka","55.75277778","37.60555556","La columna francesa recorre Vozdvizhenka hacia el Kremlin.","Punto representativo de la calle","El marcador identifica la localidad citada, no una casa privada verificada, los límites de un campamento ni la posición exacta de un personaje.","Punto geográfico publicado en WGS84. Representa un área; los decimales no miden la precisión histórica.","https://www.gutenberg.org/files/2600/2600-h/2600-h.htm#link2HCH0255","https://en.wikipedia.org/wiki/Vozdvizhenka_Street","","2026-10-08"
"11","Libro XI","Kremlin de Moscú","55.75166667","37.61777778","Napoleón está en el Kremlin mientras los incendios se extienden por Moscú.","Área representativa","El marcador identifica la localidad citada, no una casa privada verificada, los límites de un campamento ni la posición exacta de un personaje.","Punto geográfico publicado en WGS84. Representa un área; los decimales no miden la precisión histórica.","https://www.gutenberg.org/files/2600/2600-h/2600-h.htm#link2HCH0262","https://en.wikipedia.org/wiki/Kremlin","","2026-10-08"
"11","Libro XI","Mytishchi","55.91666667","37.76666667","El convoy de los Rostov se detiene en Mytishchi; Natasha encuentra a Andréi herido.","Área representativa","El marcador identifica la localidad citada, no una casa privada verificada, los límites de un campamento ni la posición exacta de un personaje.","Punto geográfico publicado en WGS84. Representa un área; los decimales no miden la precisión histórica.","https://www.gutenberg.org/files/2600/2600-h/2600-h.htm#link2HCH0259","https://en.wikipedia.org/wiki/Mytishchi","","2026-10-08"
"12","Libro XII","San Petersburgo","59.9375","30.30861111","La sociedad de corte reacciona a las noticias de la guerra.","Área representativa","El marcador identifica la localidad citada, no una casa privada verificada, los límites de un campamento ni la posición exacta de un personaje.","Punto geográfico publicado en WGS84. Representa un área; los decimales no miden la precisión histórica.","https://www.gutenberg.org/files/2600/2600-h/2600-h.htm#link2HCH0264","https://en.wikipedia.org/wiki/Saint_Petersburg","","2026-10-08"
"12","Libro XII","Voronezh","51.67166667","39.21055556","Nikolái es enviado a comprar caballos a Vorónezh y después encuentra a María.","Área representativa","El marcador identifica la localidad citada, no una casa privada verificada, los límites de un campamento ni la posición exacta de un personaje.","Punto geográfico publicado en WGS84. Representa un área; los decimales no miden la precisión histórica.","https://www.gutenberg.org/files/2600/2600-h/2600-h.htm#link2HCH0267","https://en.wikipedia.org/wiki/Voronezh","","2026-10-08"
"12","Libro XII","Yaroslavl","57.6264","39.8933","María llega a Yaroslavl, donde Natasha cuida a Andréi moribundo.","Área representativa","El marcador identifica la localidad citada, no una casa privada verificada, los límites de un campamento ni la posición exacta de un personaje.","Punto geográfico publicado en WGS84. Representa un área; los decimales no miden la precisión histórica.","https://www.gutenberg.org/files/2600/2600-h/2600-h.htm#link2HCH0277","https://en.wikipedia.org/wiki/Yaroslavl","","2026-10-08"
"12","Libro XII","Devichye Pole","55.73277778","37.57","Pierre es llevado al lugar de ejecución en un jardín cerca de Dévichie Pole. El jardín y la fosa exactos permanecen sin localizar.","Área representativa","El marcador identifica la localidad citada, no una casa privada verificada, los límites de un campamento ni la posición exacta de un personaje.","Punto geográfico publicado en WGS84. Representa un área; los decimales no miden la precisión histórica.","https://www.gutenberg.org/files/2600/2600-h/2600-h.htm#link2HCH0273","https://www.wikidata.org/wiki/Q4156392","","2026-10-08"
"12","Libro XII","Convento de Novodévichi","55.72611111","37.55611111","Las cúpulas y las cruces del convento son visibles cerca del recorrido de los prisioneros.","Edificio de referencia existente","Un edificio real visto cerca de los lugares del cautiverio de Pierre. La ejecución sucede en un jardín próximo; el punto no la sitúa dentro del convento.","Punto geográfico publicado en WGS84. Representa un área; los decimales no miden la precisión histórica.","https://www.gutenberg.org/files/2600/2600-h/2600-h.htm#link2HCH0273","https://en.wikipedia.org/wiki/Novodevichy_Convent","","2026-10-08"
"12","Libro XII","Troitsa · Monasterio de la Trinidad y San Sergio","56.31035","38.1312","Los Rostov interrumpen el viaje durante un día en el monasterio, con Andréi en la hospedería.","Edificio de referencia existente","El marcador identifica la localidad citada, no una casa privada verificada, los límites de un campamento ni la posición exacta de un personaje.","Punto geográfico publicado en WGS84. Representa un área; los decimales no miden la precisión histórica.","https://www.gutenberg.org/files/2600/2600-h/2600-h.htm#link2HCH0271","https://en.wikipedia.org/wiki/Trinity_Lavra_of_St._Sergius","","2026-10-08"
"13","Libro XIII","Tarutino","55.12222","36.94056","El campamento del ejército ruso y el ataque posterior se centran en Tarútino.","Área representativa","El marcador identifica la localidad citada, no una casa privada verificada, los límites de un campamento ni la posición exacta de un personaje.","Punto geográfico publicado en WGS84. Representa un área; los decimales no miden la precisión histórica.","https://www.gutenberg.org/files/2600/2600-h/2600-h.htm#link2HCH0280","https://ru.wikipedia.org/wiki/%D0%A2%D0%B0%D1%80%D1%83%D1%82%D0%B8%D0%BD%D0%BE_(%D0%9A%D0%B0%D0%BB%D1%83%D0%B6%D1%81%D0%BA%D0%B0%D1%8F_%D0%BE%D0%B1%D0%BB%D0%B0%D1%81%D1%82%D1%8C)","","2026-10-08"
"13","Libro XIII","Moscú","55.75583333","37.61777778","El relato examina el deterioro de la disciplina en Moscú ocupado.","Área representativa","El marcador identifica la localidad citada, no una casa privada verificada, los límites de un campamento ni la posición exacta de un personaje.","Punto geográfico publicado en WGS84. Representa un área; los decimales no miden la precisión histórica.","https://www.gutenberg.org/files/2600/2600-h/2600-h.htm#link2HCH0287","https://en.wikipedia.org/wiki/Moscow","","2026-10-08"
"13","Libro XIII","Kremlin de Moscú","55.75166667","37.61777778","Las órdenes relativas al Kremlin acompañan los preparativos de la partida.","Área representativa","El marcador identifica la localidad citada, no una casa privada verificada, los límites de un campamento ni la posición exacta de un personaje.","Punto geográfico publicado en WGS84. Representa un área; los decimales no miden la precisión histórica.","https://www.gutenberg.org/files/2600/2600-h/2600-h.htm#link2HCH0288","https://en.wikipedia.org/wiki/Kremlin","","2026-10-08"
"13","Libro XIII","Convento de Novodévichi","55.72611111","37.55611111","Pierre ve el convento bajo un luminoso cielo otoñal durante su cautiverio.","Edificio de referencia existente","Un edificio real visto cerca de los lugares del cautiverio de Pierre. La ejecución sucede en un jardín próximo; el punto no la sitúa dentro del convento.","Punto geográfico publicado en WGS84. Representa un área; los decimales no miden la precisión histórica.","https://www.gutenberg.org/files/2600/2600-h/2600-h.htm#link2HCH0291","https://en.wikipedia.org/wiki/Novodevichy_Convent","","2026-10-08"
"13","Libro XIII","Maloyaroslavets","55.01666667","36.46666667","El movimiento de Dojtúrov hacia Maloyaroslávets entra en el relato estratégico.","Área representativa","El marcador identifica la localidad citada, no una casa privada verificada, los límites de un campamento ni la posición exacta de un personaje.","Punto geográfico publicado en WGS84. Representa un área; los decimales no miden la precisión histórica.","https://www.gutenberg.org/files/2600/2600-h/2600-h.htm#link2HCH0294","https://en.wikipedia.org/wiki/Maloyaroslavets","","2026-10-08"
"14","Libro XIV","Vyazma","55.2107","34.2912","Una localidad del relato histórico de la retirada; no es una parada verificada de Pierre o Denísov.","Área representativa","El marcador identifica la localidad citada, no una casa privada verificada, los límites de un campamento ni la posición exacta de un personaje.","Punto geográfico publicado en WGS84. Representa un área; los decimales no miden la precisión histórica.","https://www.gutenberg.org/files/2600/2600-h/2600-h.htm#link2HCH0314","https://en.wikipedia.org/wiki/Vyazma","","2026-10-08"
"14","Libro XIV","Smolensk","54.78277778","32.04527778","Una localidad del relato histórico de la retirada; no es una parada verificada de Pierre o Denísov.","Área representativa","El marcador identifica la localidad citada, no una casa privada verificada, los límites de un campamento ni la posición exacta de un personaje.","Punto geográfico publicado en WGS84. Representa un área; los decimales no miden la precisión histórica.","https://www.gutenberg.org/files/2600/2600-h/2600-h.htm#link2HCH0314","https://en.wikipedia.org/wiki/Smolensk","","2026-10-08"
"14","Libro XIV","Krasny / Krasnoe","54.56","31.43","Una localidad del relato histórico de la retirada; no es una parada verificada de Pierre o Denísov.","Área representativa","El marcador identifica la localidad citada, no una casa privada verificada, los límites de un campamento ni la posición exacta de un personaje.","Punto geográfico publicado en WGS84. Representa un área; los decimales no miden la precisión histórica.","https://www.gutenberg.org/files/2600/2600-h/2600-h.htm#link2HCH0315","https://en.wikipedia.org/wiki/Krasny%2C_Krasninsky_District%2C_Smolensk_Oblast","","2026-10-08"
"14","Libro XIV","Orsha","54.50916667","30.42583333","Una localidad del relato histórico de la retirada; no es una parada verificada de Pierre o Denísov.","Área representativa","El marcador identifica la localidad citada, no una casa privada verificada, los límites de un campamento ni la posición exacta de un personaje.","Punto geográfico publicado en WGS84. Representa un área; los decimales no miden la precisión histórica.","https://www.gutenberg.org/files/2600/2600-h/2600-h.htm#link2HCH0315","https://en.wikipedia.org/wiki/Orsha","","2026-10-08"
"14","Libro XIV","Berézina · zona del cruce","54.324788888889","28.354530555556","Una localidad del relato histórico de la retirada; no es una parada verificada de Pierre o Denísov.","Área representativa","La referencia de la batalla sitúa la zona del cruce cerca de Studenka, no la desembocadura ni un puente conservado exacto.","Punto geográfico publicado en WGS84. Representa un área; los decimales no miden la precisión histórica.","https://www.gutenberg.org/files/2600/2600-h/2600-h.htm#link2HCH0315","https://www.wikidata.org/wiki/Q555839","","2026-10-08"
"14","Libro XIV","Vilnius / Vilna","54.68722222","25.28","Una localidad del relato histórico de la retirada; no es una parada verificada de Pierre o Denísov.","Área representativa","El marcador identifica la localidad citada, no una casa privada verificada, los límites de un campamento ni la posición exacta de un personaje.","Punto geográfico publicado en WGS84. Representa un área; los decimales no miden la precisión histórica.","https://www.gutenberg.org/files/2600/2600-h/2600-h.htm#link2HCH0315","https://en.wikipedia.org/wiki/Vilnius","","2026-10-08"
"15","Libro XV","Krasny / Krasnoe","54.56","31.43","El ejército de Kutúzov alcanza la fase de la persecución cerca de Krasny.","Área representativa","El marcador identifica la localidad citada, no una casa privada verificada, los límites de un campamento ni la posición exacta de un personaje.","Punto geográfico publicado en WGS84. Representa un área; los decimales no miden la precisión histórica.","https://www.gutenberg.org/files/2600/2600-h/2600-h.htm#link2HCH0323","https://en.wikipedia.org/wiki/Krasny%2C_Krasninsky_District%2C_Smolensk_Oblast","","2026-10-08"
"15","Libro XV","Berézina · zona del cruce","54.324788888889","28.354530555556","Tolstói reevalúa las pérdidas y la importancia militar del cruce del Berézina.","Área representativa","La referencia de la batalla sitúa la zona del cruce cerca de Studenka, no la desembocadura ni un puente conservado exacto.","Punto geográfico publicado en WGS84. Representa un área; los decimales no miden la precisión histórica.","https://www.gutenberg.org/files/2600/2600-h/2600-h.htm#link2HCH0327","https://www.wikidata.org/wiki/Q555839","","2026-10-08"
"15","Libro XV","Vilnius / Vilna","54.68722222","25.28","Kutúzov llega a Vilna, donde después lo encuentra el emperador.","Área representativa","El marcador identifica la localidad citada, no una casa privada verificada, los límites de un campamento ni la posición exacta de un personaje.","Punto geográfico publicado en WGS84. Representa un área; los decimales no miden la precisión histórica.","https://www.gutenberg.org/files/2600/2600-h/2600-h.htm#link2HCH0327","https://en.wikipedia.org/wiki/Vilnius","","2026-10-08"
"15","Libro XV","Oryol / Orel","52.96861111","36.06944444","Pierre enferma en Oriol y pasa allí tres meses de convalecencia.","Área representativa","El marcador identifica la localidad citada, no una casa privada verificada, los límites de un campamento ni la posición exacta de un personaje.","Punto geográfico publicado en WGS84. Representa un área; los decimales no miden la precisión histórica.","https://www.gutenberg.org/files/2600/2600-h/2600-h.htm#link2HCH0329","https://en.wikipedia.org/wiki/Oryol","","2026-10-08"
"15","Libro XV","Moscú","55.75583333","37.61777778","Pierre regresa a Moscú y visita a la princesa María.","Área representativa","El marcador identifica la localidad citada, no una casa privada verificada, los límites de un campamento ni la posición exacta de un personaje.","Punto geográfico publicado en WGS84. Representa un área; los decimales no miden la precisión histórica.","https://www.gutenberg.org/files/2600/2600-h/2600-h.htm#link2HCH0332","https://en.wikipedia.org/wiki/Moscow","","2026-10-08"
"15","Libro XV","Vozdvizhenka","55.75277778","37.60555556","María y Natasha se alojan en la casa de los Bolkonski en Vozdvizhenka.","Punto representativo de la calle","El marcador identifica la localidad citada, no una casa privada verificada, los límites de un campamento ni la posición exacta de un personaje.","Punto geográfico publicado en WGS84. Representa un área; los decimales no miden la precisión histórica.","https://www.gutenberg.org/files/2600/2600-h/2600-h.htm#link2HCH0332","https://en.wikipedia.org/wiki/Vozdvizhenka_Street","","2026-10-08"
"16","Primer epílogo","Sivtsev Vrazhek","55.7475","37.59388889","La familia Rostov empobrecida alquila una pequeña casa en Sívtsev Vrazhek. El edificio no está verificado.","Punto representativo de la calle","El marcador identifica la localidad citada, no una casa privada verificada, los límites de un campamento ni la posición exacta de un personaje.","Punto geográfico publicado en WGS84. Representa un área; los decimales no miden la precisión histórica.","https://www.gutenberg.org/files/2600/2600-h/2600-h.htm#link2HCH0342","https://en.wikipedia.org/wiki/Sivtsev_Vrazhek_Lane","","2026-10-08"
"16","Primer epílogo","Montes Calvos · modelo de Yásnaya Poliana","54.07611111","37.52611111","Nikolái y María establecen su vida matrimonial en la finca reconstruida de Montes Calvos.","Modelo literario documentado","La finca de Tolstói inspiró la casa de los Bolkonski. Es un modelo literario documentado, no la finca ficticia al este de Smolensk descrita en el Libro X.","Punto geográfico publicado en WGS84. Representa un área; los decimales no miden la precisión histórica.","https://www.gutenberg.org/files/2600/2600-h/2600-h.htm#link2HCH0344","https://en.wikipedia.org/wiki/Yasnaya_Polyana","https://ypmuseum.ru/object/park-kliny?lang=en","2026-10-08"
"16","Primer epílogo","San Petersburgo","59.9375","30.30861111","La reciente visita de Pierre a Petersburgo se comenta en la reunión familiar. Es un viaje recordado.","Área representativa","El marcador identifica la localidad citada, no una casa privada verificada, los límites de un campamento ni la posición exacta de un personaje.","Punto geográfico publicado en WGS84. Representa un área; los decimales no miden la precisión histórica.","https://www.gutenberg.org/files/2600/2600-h/2600-h.htm#link2HCH0350","https://en.wikipedia.org/wiki/Saint_Petersburg","","2026-10-08"
